pid1,pid2,comp,load
LH1,LH123HT,274580,53874
LH1,LH82,268659,61163
LH1,MO17,282305,50507
LH1,PH207,264412,64399
LH1,PHG35,279007,54945
LH1,PHG39,262561,69238
LH1,PHG47,278980,54516
LH1,PHG84,278318,56146
LH1,PHJ40,274598,59787
LH1,PHZ51,280420,52911
LH123HT,LH82,270401,53109
LH123HT,MO17,262655,61541
LH123HT,PH207,271294,51508
LH123HT,PHG35,277598,50150
LH123HT,PHG39,274435,51927
LH123HT,PHG47,250845,73924
LH123HT,PHG84,273170,53829
LH123HT,PHJ40,266362,60608
LH123HT,PHZ51,271681,54098
LH82,MO17,271802,55723
LH82,PH207,256221,67249
LH82,PHG35,282579,47487
LH82,PHG39,279277,49463
LH82,PHG47,271430,57081
LH82,PHG84,271620,57740
LH82,PHJ40,275385,54484
LH82,PHZ51,275075,53479
MO17,PH207,273713,52997
MO17,PHG35,284575,47247
MO17,PHG39,281104,49471
MO17,PHG47,273500,56991
MO17,PHG84,271373,59656
MO17,PHJ40,261924,69034
MO17,PHZ51,264056,65549
PH207,PHG35,281772,47219
PH207,PHG39,278763,49158
PH207,PHG47,273337,54549
PH207,PHG84,270579,57415
PH207,PHJ40,279181,50102
PH207,PHZ51,273422,53989
PHG35,PHG39,267005,64072
PHG35,PHG47,280389,52259
PHG35,PHG84,284381,49160
PHG35,PHJ40,280549,53146
PHG35,PHZ51,282694,49672
PHG39,PHG47,280851,50753
PHG39,PHG84,282503,49718
PHG39,PHJ40,276726,55526
PHG39,PHZ51,282545,48828
PHG47,PHG84,274112,58175
PHG47,PHJ40,278228,54831
PHG47,PHZ51,275953,55298
PHG84,PHJ40,275462,58123
PHG84,PHZ51,253588,77210
PHJ40,PHZ51,272616,59910
