id,DN,nonmiss,chr,type,DR,geno
BKN009,206982,1065751,1,overall,0.1942,landrace
BKN010,205389,1064983,1,overall,0.1929,landrace
BKN011,200020,1065341,1,overall,0.1878,landrace
BKN014,208882,1060658,1,overall,0.1969,landrace
BKN015,206771,1058056,1,overall,0.1954,landrace
BKN016,207591,1063045,1,overall,0.1953,landrace
BKN017,200550,1029432,1,overall,0.1948,landrace
BKN018,203743,1070464,1,overall,0.1903,landrace
BKN019,205950,1071490,1,overall,0.1922,landrace
BKN020,204031,1068539,1,overall,0.1909,landrace
BKN022,205380,1061830,1,overall,0.1934,landrace
BKN023,199883,1042545,1,overall,0.1917,landrace
BKN025,204570,1056617,1,overall,0.1936,landrace
BKN026,199827,1061065,1,overall,0.1883,landrace
BKN027,205562,1072505,1,overall,0.1917,landrace
BKN029,201904,1043103,1,overall,0.1936,landrace
BKN030,202290,1038706,1,overall,0.1948,landrace
BKN031,204950,1055236,1,overall,0.1942,landrace
BKN032,204832,1063194,1,overall,0.1927,landrace
BKN033,203728,1045126,1,overall,0.1949,landrace
BKN034,202886,1048343,1,overall,0.1935,landrace
BKN035,204555,1056423,1,overall,0.1936,landrace
BKN040,181980,946340,1,overall,0.1923,landrace
B73,180145,1197517,1,overall,0.1504,maize
LH1,94304,514824,1,overall,0.1832,maize
LH123HT,60689,322502,1,overall,0.1882,maize
LH82,88999,490181,1,overall,0.1816,maize
Mo17,220094,1140778,1,overall,0.1929,maize
PH207,75738,401214,1,overall,0.1888,maize
PHG35,96218,515794,1,overall,0.1865,maize
PHG39,90677,496364,1,overall,0.1827,maize
PHG47,97298,512611,1,overall,0.1898,maize
PHG84,77200,414242,1,overall,0.1864,maize
PHJ40,88588,469639,1,overall,0.1886,maize
PHZ51,115239,614761,1,overall,0.1875,maize
BKN009,115763,1065751,1,seg,0.1086,landrace
BKN010,114541,1064983,1,seg,0.1076,landrace
BKN011,108662,1065341,1,seg,0.102,landrace
BKN014,118161,1060658,1,seg,0.1114,landrace
BKN015,116108,1058056,1,seg,0.1097,landrace
BKN016,116698,1063045,1,seg,0.1098,landrace
BKN017,111962,1029432,1,seg,0.1088,landrace
BKN018,112568,1070464,1,seg,0.1052,landrace
BKN019,114627,1071490,1,seg,0.107,landrace
BKN020,112610,1068539,1,seg,0.1054,landrace
BKN022,114920,1061830,1,seg,0.1082,landrace
BKN023,110132,1042545,1,seg,0.1056,landrace
BKN025,113843,1056617,1,seg,0.1077,landrace
BKN026,108989,1061065,1,seg,0.1027,landrace
BKN027,114023,1072505,1,seg,0.1063,landrace
BKN029,112288,1043103,1,seg,0.1076,landrace
BKN030,112647,1038706,1,seg,0.1084,landrace
BKN031,114364,1055236,1,seg,0.1084,landrace
BKN032,113698,1063194,1,seg,0.1069,landrace
BKN033,113948,1045126,1,seg,0.109,landrace
BKN034,113020,1048343,1,seg,0.1078,landrace
BKN035,114164,1056423,1,seg,0.1081,landrace
BKN040,99213,946340,1,seg,0.1048,landrace
BKN009,91219,1065751,1,fixed,0.0856,landrace
BKN010,90848,1064983,1,fixed,0.0853,landrace
BKN011,91358,1065341,1,fixed,0.0858,landrace
BKN014,90721,1060658,1,fixed,0.0855,landrace
BKN015,90663,1058056,1,fixed,0.0857,landrace
BKN016,90893,1063045,1,fixed,0.0855,landrace
BKN017,88588,1029432,1,fixed,0.0861,landrace
BKN018,91175,1070464,1,fixed,0.0852,landrace
BKN019,91323,1071490,1,fixed,0.0852,landrace
BKN020,91421,1068539,1,fixed,0.0856,landrace
BKN022,90460,1061830,1,fixed,0.0852,landrace
BKN023,89751,1042545,1,fixed,0.0861,landrace
BKN025,90727,1056617,1,fixed,0.0859,landrace
BKN026,90838,1061065,1,fixed,0.0856,landrace
BKN027,91539,1072505,1,fixed,0.0854,landrace
BKN029,89616,1043103,1,fixed,0.0859,landrace
BKN030,89643,1038706,1,fixed,0.0863,landrace
BKN031,90586,1055236,1,fixed,0.0858,landrace
BKN032,91134,1063194,1,fixed,0.0857,landrace
BKN033,89780,1045126,1,fixed,0.0859,landrace
BKN034,89866,1048343,1,fixed,0.0857,landrace
BKN035,90391,1056423,1,fixed,0.0856,landrace
BKN040,82767,946340,1,fixed,0.0875,landrace
B73,52894,1197517,1,seg,0.0442,maize
LH1,41589,514824,1,seg,0.0808,maize
LH123HT,25912,322502,1,seg,0.0803,maize
LH82,41918,490181,1,seg,0.0855,maize
Mo17,99324,1140778,1,seg,0.0871,maize
PH207,33361,401214,1,seg,0.0832,maize
PHG35,44442,515794,1,seg,0.0862,maize
PHG39,39401,496364,1,seg,0.0794,maize
PHG47,42892,512611,1,seg,0.0837,maize
PHG84,34504,414242,1,seg,0.0833,maize
PHJ40,39345,469639,1,seg,0.0838,maize
PHZ51,53037,614761,1,seg,0.0863,maize
B73,127251,1197517,1,fixed,0.1063,maize
LH1,52715,514824,1,fixed,0.1024,maize
LH123HT,34777,322502,1,fixed,0.1078,maize
LH82,47081,490181,1,fixed,0.096,maize
Mo17,120770,1140778,1,fixed,0.1059,maize
PH207,42377,401214,1,fixed,0.1056,maize
PHG35,51776,515794,1,fixed,0.1004,maize
PHG39,51276,496364,1,fixed,0.1033,maize
PHG47,54406,512611,1,fixed,0.1061,maize
PHG84,42696,414242,1,fixed,0.1031,maize
PHJ40,49243,469639,1,fixed,0.1049,maize
PHZ51,62202,614761,1,fixed,0.1012,maize
BKN009,152683,771114,2,overall,0.198,landrace
BKN010,149386,770018,2,overall,0.194,landrace
BKN011,150265,762564,2,overall,0.1971,landrace
BKN014,152018,773584,2,overall,0.1965,landrace
BKN015,149132,774495,2,overall,0.1926,landrace
BKN016,152755,772239,2,overall,0.1978,landrace
BKN017,148479,742077,2,overall,0.2001,landrace
BKN018,150390,769626,2,overall,0.1954,landrace
BKN019,150901,772451,2,overall,0.1954,landrace
BKN020,147934,766975,2,overall,0.1929,landrace
BKN022,150815,767277,2,overall,0.1966,landrace
BKN023,147316,757832,2,overall,0.1944,landrace
BKN025,150487,768870,2,overall,0.1957,landrace
BKN026,148969,763676,2,overall,0.1951,landrace
BKN027,152014,773852,2,overall,0.1964,landrace
BKN029,147010,762864,2,overall,0.1927,landrace
BKN030,149592,759615,2,overall,0.1969,landrace
BKN031,151393,768037,2,overall,0.1971,landrace
BKN032,150699,772768,2,overall,0.195,landrace
BKN033,149200,757371,2,overall,0.197,landrace
BKN034,149059,759034,2,overall,0.1964,landrace
BKN035,150400,761973,2,overall,0.1974,landrace
BKN040,134079,680947,2,overall,0.1969,landrace
B73,134237,876451,2,overall,0.1532,maize
LH1,69674,363083,2,overall,0.1919,maize
LH123HT,44455,232975,2,overall,0.1908,maize
LH82,65419,347643,2,overall,0.1882,maize
Mo17,158551,832077,2,overall,0.1905,maize
PH207,54545,289513,2,overall,0.1884,maize
PHG35,70956,368103,2,overall,0.1928,maize
PHG39,66899,359399,2,overall,0.1861,maize
PHG47,71186,370212,2,overall,0.1923,maize
PHG84,55955,293121,2,overall,0.1909,maize
PHJ40,64756,336239,2,overall,0.1926,maize
PHZ51,84675,442884,2,overall,0.1912,maize
BKN009,87393,771114,2,seg,0.1133,landrace
BKN010,84439,770018,2,seg,0.1097,landrace
BKN011,85579,762564,2,seg,0.1122,landrace
BKN014,86714,773584,2,seg,0.1121,landrace
BKN015,83811,774495,2,seg,0.1082,landrace
BKN016,87550,772239,2,seg,0.1134,landrace
BKN017,85482,742077,2,seg,0.1152,landrace
BKN018,85847,769626,2,seg,0.1115,landrace
BKN019,85799,772451,2,seg,0.1111,landrace
BKN020,83033,766975,2,seg,0.1083,landrace
BKN022,86101,767277,2,seg,0.1122,landrace
BKN023,82822,757832,2,seg,0.1093,landrace
BKN025,85327,768870,2,seg,0.111,landrace
BKN026,84062,763676,2,seg,0.1101,landrace
BKN027,86741,773852,2,seg,0.1121,landrace
BKN029,81981,762864,2,seg,0.1075,landrace
BKN030,84908,759615,2,seg,0.1118,landrace
BKN031,86180,768037,2,seg,0.1122,landrace
BKN032,85480,772768,2,seg,0.1106,landrace
BKN033,84923,757371,2,seg,0.1121,landrace
BKN034,84555,759034,2,seg,0.1114,landrace
BKN035,85865,761973,2,seg,0.1127,landrace
BKN040,75002,680947,2,seg,0.1101,landrace
BKN009,65290,771114,2,fixed,0.0847,landrace
BKN010,64947,770018,2,fixed,0.0843,landrace
BKN011,64686,762564,2,fixed,0.0848,landrace
BKN014,65304,773584,2,fixed,0.0844,landrace
BKN015,65321,774495,2,fixed,0.0843,landrace
BKN016,65205,772239,2,fixed,0.0844,landrace
BKN017,62997,742077,2,fixed,0.0849,landrace
BKN018,64543,769626,2,fixed,0.0839,landrace
BKN019,65102,772451,2,fixed,0.0843,landrace
BKN020,64901,766975,2,fixed,0.0846,landrace
BKN022,64714,767277,2,fixed,0.0843,landrace
BKN023,64494,757832,2,fixed,0.0851,landrace
BKN025,65160,768870,2,fixed,0.0847,landrace
BKN026,64907,763676,2,fixed,0.085,landrace
BKN027,65273,773852,2,fixed,0.0843,landrace
BKN029,65029,762864,2,fixed,0.0852,landrace
BKN030,64684,759615,2,fixed,0.0852,landrace
BKN031,65213,768037,2,fixed,0.0849,landrace
BKN032,65219,772768,2,fixed,0.0844,landrace
BKN033,64277,757371,2,fixed,0.0849,landrace
BKN034,64504,759034,2,fixed,0.085,landrace
BKN035,64535,761973,2,fixed,0.0847,landrace
BKN040,59077,680947,2,fixed,0.0868,landrace
B73,41044,876451,2,seg,0.0468,maize
LH1,32838,363083,2,seg,0.0904,maize
LH123HT,19254,232975,2,seg,0.0826,maize
LH82,32633,347643,2,seg,0.0939,maize
Mo17,71030,832077,2,seg,0.0854,maize
PH207,24174,289513,2,seg,0.0835,maize
PHG35,34107,368103,2,seg,0.0927,maize
PHG39,30141,359399,2,seg,0.0839,maize
PHG47,31722,370212,2,seg,0.0857,maize
PHG84,25878,293121,2,seg,0.0883,maize
PHJ40,29758,336239,2,seg,0.0885,maize
PHZ51,40156,442884,2,seg,0.0907,maize
B73,93193,876451,2,fixed,0.1063,maize
LH1,36836,363083,2,fixed,0.1015,maize
LH123HT,25201,232975,2,fixed,0.1082,maize
LH82,32786,347643,2,fixed,0.0943,maize
Mo17,87521,832077,2,fixed,0.1052,maize
PH207,30371,289513,2,fixed,0.1049,maize
PHG35,36849,368103,2,fixed,0.1001,maize
PHG39,36758,359399,2,fixed,0.1023,maize
PHG47,39464,370212,2,fixed,0.1066,maize
PHG84,30077,293121,2,fixed,0.1026,maize
PHJ40,34998,336239,2,fixed,0.1041,maize
PHZ51,44519,442884,2,fixed,0.1005,maize
BKN009,149863,745067,3,overall,0.2011,landrace
BKN010,147566,745057,3,overall,0.1981,landrace
BKN011,146443,740540,3,overall,0.1978,landrace
BKN014,149912,742496,3,overall,0.2019,landrace
BKN015,146300,748411,3,overall,0.1955,landrace
BKN016,149027,743772,3,overall,0.2004,landrace
BKN017,144718,717443,3,overall,0.2017,landrace
BKN018,145333,753382,3,overall,0.1929,landrace
BKN019,147953,752952,3,overall,0.1965,landrace
BKN020,145644,745452,3,overall,0.1954,landrace
BKN022,147947,738703,3,overall,0.2003,landrace
BKN023,146586,724207,3,overall,0.2024,landrace
BKN025,146926,740518,3,overall,0.1984,landrace
BKN026,147178,739272,3,overall,0.1991,landrace
BKN027,146579,750847,3,overall,0.1952,landrace
BKN029,145640,729522,3,overall,0.1996,landrace
BKN030,144856,725578,3,overall,0.1996,landrace
BKN031,148647,740470,3,overall,0.2007,landrace
BKN032,145463,740875,3,overall,0.1963,landrace
BKN033,143061,735500,3,overall,0.1945,landrace
BKN034,145723,736095,3,overall,0.198,landrace
BKN035,145736,736352,3,overall,0.1979,landrace
BKN040,130298,660372,3,overall,0.1973,landrace
B73,128892,838083,3,overall,0.1538,maize
LH1,68235,358061,3,overall,0.1906,maize
LH123HT,43421,225772,3,overall,0.1923,maize
LH82,63494,341308,3,overall,0.186,maize
Mo17,158284,801918,3,overall,0.1974,maize
PH207,53739,283967,3,overall,0.1892,maize
PHG35,68907,360528,3,overall,0.1911,maize
PHG39,64367,347058,3,overall,0.1855,maize
PHG47,69495,359364,3,overall,0.1934,maize
PHG84,55303,287335,3,overall,0.1925,maize
PHJ40,63525,324151,3,overall,0.196,maize
PHZ51,82656,432737,3,overall,0.191,maize
BKN009,85668,745067,3,seg,0.115,landrace
BKN010,83816,745057,3,seg,0.1125,landrace
BKN011,82582,740540,3,seg,0.1115,landrace
BKN014,85973,742496,3,seg,0.1158,landrace
BKN015,81842,748411,3,seg,0.1094,landrace
BKN016,84885,743772,3,seg,0.1141,landrace
BKN017,82865,717443,3,seg,0.1155,landrace
BKN018,80794,753382,3,seg,0.1072,landrace
BKN019,83552,752952,3,seg,0.111,landrace
BKN020,81508,745452,3,seg,0.1093,landrace
BKN022,84606,738703,3,seg,0.1145,landrace
BKN023,83812,724207,3,seg,0.1157,landrace
BKN025,83000,740518,3,seg,0.1121,landrace
BKN026,83515,739272,3,seg,0.113,landrace
BKN027,82142,750847,3,seg,0.1094,landrace
BKN029,82567,729522,3,seg,0.1132,landrace
BKN030,81981,725578,3,seg,0.113,landrace
BKN031,84807,740470,3,seg,0.1145,landrace
BKN032,81712,740875,3,seg,0.1103,landrace
BKN033,79615,735500,3,seg,0.1082,landrace
BKN034,82104,736095,3,seg,0.1115,landrace
BKN035,82341,736352,3,seg,0.1118,landrace
BKN040,72183,660372,3,seg,0.1093,landrace
BKN009,64195,745067,3,fixed,0.0862,landrace
BKN010,63750,745057,3,fixed,0.0856,landrace
BKN011,63861,740540,3,fixed,0.0862,landrace
BKN014,63939,742496,3,fixed,0.0861,landrace
BKN015,64458,748411,3,fixed,0.0861,landrace
BKN016,64142,743772,3,fixed,0.0862,landrace
BKN017,61853,717443,3,fixed,0.0862,landrace
BKN018,64539,753382,3,fixed,0.0857,landrace
BKN019,64401,752952,3,fixed,0.0855,landrace
BKN020,64136,745452,3,fixed,0.086,landrace
BKN022,63341,738703,3,fixed,0.0857,landrace
BKN023,62774,724207,3,fixed,0.0867,landrace
BKN025,63926,740518,3,fixed,0.0863,landrace
BKN026,63663,739272,3,fixed,0.0861,landrace
BKN027,64437,750847,3,fixed,0.0858,landrace
BKN029,63073,729522,3,fixed,0.0865,landrace
BKN030,62875,725578,3,fixed,0.0867,landrace
BKN031,63840,740470,3,fixed,0.0862,landrace
BKN032,63751,740875,3,fixed,0.086,landrace
BKN033,63446,735500,3,fixed,0.0863,landrace
BKN034,63619,736095,3,fixed,0.0864,landrace
BKN035,63395,736352,3,fixed,0.0861,landrace
BKN040,58115,660372,3,fixed,0.088,landrace
B73,38236,838083,3,seg,0.0456,maize
LH1,31206,358061,3,seg,0.0872,maize
LH123HT,18617,225772,3,seg,0.0825,maize
LH82,30697,341308,3,seg,0.0899,maize
Mo17,71805,801918,3,seg,0.0895,maize
PH207,23458,283967,3,seg,0.0826,maize
PHG35,32366,360528,3,seg,0.0898,maize
PHG39,27914,347058,3,seg,0.0804,maize
PHG47,30682,359364,3,seg,0.0854,maize
PHG84,25024,287335,3,seg,0.0871,maize
PHJ40,28941,324151,3,seg,0.0893,maize
PHZ51,38474,432737,3,seg,0.0889,maize
B73,90656,838083,3,fixed,0.1082,maize
LH1,37029,358061,3,fixed,0.1034,maize
LH123HT,24804,225772,3,fixed,0.1099,maize
LH82,32797,341308,3,fixed,0.0961,maize
Mo17,86479,801918,3,fixed,0.1078,maize
PH207,30281,283967,3,fixed,0.1066,maize
PHG35,36541,360528,3,fixed,0.1014,maize
PHG39,36453,347058,3,fixed,0.105,maize
PHG47,38813,359364,3,fixed,0.108,maize
PHG84,30279,287335,3,fixed,0.1054,maize
PHJ40,34584,324151,3,fixed,0.1067,maize
PHZ51,44182,432737,3,fixed,0.1021,maize
BKN009,128781,658666,4,overall,0.1955,landrace
BKN010,127330,660826,4,overall,0.1927,landrace
BKN011,125590,651554,4,overall,0.1928,landrace
BKN014,128381,660881,4,overall,0.1943,landrace
BKN015,126659,669064,4,overall,0.1893,landrace
BKN016,128008,660321,4,overall,0.1939,landrace
BKN017,124537,635632,4,overall,0.1959,landrace
BKN018,127520,660438,4,overall,0.1931,landrace
BKN019,128777,660703,4,overall,0.1949,landrace
BKN020,126343,657301,4,overall,0.1922,landrace
BKN022,129189,654340,4,overall,0.1974,landrace
BKN023,126506,640739,4,overall,0.1974,landrace
BKN025,126704,660379,4,overall,0.1919,landrace
BKN026,128084,649699,4,overall,0.1971,landrace
BKN027,127183,666947,4,overall,0.1907,landrace
BKN029,126966,645961,4,overall,0.1966,landrace
BKN030,126839,641904,4,overall,0.1976,landrace
BKN031,127567,655961,4,overall,0.1945,landrace
BKN032,128070,656356,4,overall,0.1951,landrace
BKN033,127232,645637,4,overall,0.1971,landrace
BKN034,126026,645039,4,overall,0.1954,landrace
BKN035,127238,651645,4,overall,0.1953,landrace
BKN040,113009,589309,4,overall,0.1918,landrace
B73,114411,742277,4,overall,0.1541,maize
LH1,58139,321792,4,overall,0.1807,maize
LH123HT,38302,208062,4,overall,0.1841,maize
LH82,54963,300017,4,overall,0.1832,maize
Mo17,135614,712435,4,overall,0.1904,maize
PH207,48029,254419,4,overall,0.1888,maize
PHG35,60036,322812,4,overall,0.186,maize
PHG39,56152,310394,4,overall,0.1809,maize
PHG47,60988,325442,4,overall,0.1874,maize
PHG84,48196,258110,4,overall,0.1867,maize
PHJ40,53778,298766,4,overall,0.18,maize
PHZ51,70458,384245,4,overall,0.1834,maize
BKN009,68821,658666,4,seg,0.1045,landrace
BKN010,67455,660826,4,seg,0.1021,landrace
BKN011,66072,651554,4,seg,0.1014,landrace
BKN014,68373,660881,4,seg,0.1035,landrace
BKN015,65877,669064,4,seg,0.0985,landrace
BKN016,67837,660321,4,seg,0.1027,landrace
BKN017,66420,635632,4,seg,0.1045,landrace
BKN018,67782,660438,4,seg,0.1026,landrace
BKN019,68845,660703,4,seg,0.1042,landrace
BKN020,66434,657301,4,seg,0.1011,landrace
BKN022,69592,654340,4,seg,0.1064,landrace
BKN023,67715,640739,4,seg,0.1057,landrace
BKN025,66606,660379,4,seg,0.1009,landrace
BKN026,68789,649699,4,seg,0.1059,landrace
BKN027,66679,666947,4,seg,0.1,landrace
BKN029,67929,645961,4,seg,0.1052,landrace
BKN030,67805,641904,4,seg,0.1056,landrace
BKN031,67751,655961,4,seg,0.1033,landrace
BKN032,68448,656356,4,seg,0.1043,landrace
BKN033,68210,645637,4,seg,0.1056,landrace
BKN034,67095,645039,4,seg,0.104,landrace
BKN035,67991,651645,4,seg,0.1043,landrace
BKN040,58379,589309,4,seg,0.0991,landrace
BKN009,59960,658666,4,fixed,0.091,landrace
BKN010,59875,660826,4,fixed,0.0906,landrace
BKN011,59518,651554,4,fixed,0.0913,landrace
BKN014,60008,660881,4,fixed,0.0908,landrace
BKN015,60782,669064,4,fixed,0.0908,landrace
BKN016,60171,660321,4,fixed,0.0911,landrace
BKN017,58117,635632,4,fixed,0.0914,landrace
BKN018,59738,660438,4,fixed,0.0905,landrace
BKN019,59932,660703,4,fixed,0.0907,landrace
BKN020,59909,657301,4,fixed,0.0911,landrace
BKN022,59597,654340,4,fixed,0.0911,landrace
BKN023,58791,640739,4,fixed,0.0918,landrace
BKN025,60098,660379,4,fixed,0.091,landrace
BKN026,59295,649699,4,fixed,0.0913,landrace
BKN027,60504,666947,4,fixed,0.0907,landrace
BKN029,59037,645961,4,fixed,0.0914,landrace
BKN030,59034,641904,4,fixed,0.092,landrace
BKN031,59816,655961,4,fixed,0.0912,landrace
BKN032,59622,656356,4,fixed,0.0908,landrace
BKN033,59022,645637,4,fixed,0.0914,landrace
BKN034,58931,645039,4,fixed,0.0914,landrace
BKN035,59247,651645,4,fixed,0.0909,landrace
BKN040,54630,589309,4,fixed,0.0927,landrace
B73,29258,742277,4,seg,0.0394,maize
LH1,22279,321792,4,seg,0.0692,maize
LH123HT,14256,208062,4,seg,0.0685,maize
LH82,23303,300017,4,seg,0.0777,maize
Mo17,53958,712435,4,seg,0.0757,maize
PH207,18641,254419,4,seg,0.0733,maize
PHG35,24543,322812,4,seg,0.076,maize
PHG39,21480,310394,4,seg,0.0692,maize
PHG47,23828,325442,4,seg,0.0732,maize
PHG84,19299,258110,4,seg,0.0748,maize
PHJ40,20218,298766,4,seg,0.0677,maize
PHZ51,28319,384245,4,seg,0.0737,maize
B73,85153,742277,4,fixed,0.1147,maize
LH1,35860,321792,4,fixed,0.1114,maize
LH123HT,24046,208062,4,fixed,0.1156,maize
LH82,31660,300017,4,fixed,0.1055,maize
Mo17,81656,712435,4,fixed,0.1146,maize
PH207,29388,254419,4,fixed,0.1155,maize
PHG35,35493,322812,4,fixed,0.1099,maize
PHG39,34672,310394,4,fixed,0.1117,maize
PHG47,37160,325442,4,fixed,0.1142,maize
PHG84,28897,258110,4,fixed,0.112,maize
PHJ40,33560,298766,4,fixed,0.1123,maize
PHZ51,42139,384245,4,fixed,0.1097,maize
BKN009,148689,737417,5,overall,0.2016,landrace
BKN010,145949,744088,5,overall,0.1961,landrace
BKN011,145229,735280,5,overall,0.1975,landrace
BKN014,146663,744748,5,overall,0.1969,landrace
BKN015,146876,740639,5,overall,0.1983,landrace
BKN016,147868,745378,5,overall,0.1984,landrace
BKN017,144025,712674,5,overall,0.2021,landrace
BKN018,145262,744891,5,overall,0.195,landrace
BKN019,146394,746872,5,overall,0.196,landrace
BKN020,144753,737403,5,overall,0.1963,landrace
BKN022,147675,739864,5,overall,0.1996,landrace
BKN023,144130,723796,5,overall,0.1991,landrace
BKN025,145973,737954,5,overall,0.1978,landrace
BKN026,145455,735406,5,overall,0.1978,landrace
BKN027,146400,748917,5,overall,0.1955,landrace
BKN029,143285,727585,5,overall,0.1969,landrace
BKN030,144561,726501,5,overall,0.199,landrace
BKN031,145953,739397,5,overall,0.1974,landrace
BKN032,145996,743961,5,overall,0.1962,landrace
BKN033,145577,727328,5,overall,0.2002,landrace
BKN034,142734,735833,5,overall,0.194,landrace
BKN035,144964,735894,5,overall,0.197,landrace
BKN040,129075,661409,5,overall,0.1952,landrace
B73,129444,828957,5,overall,0.1562,maize
LH1,67476,358629,5,overall,0.1881,maize
LH123HT,43484,226846,5,overall,0.1917,maize
LH82,62848,338306,5,overall,0.1858,maize
Mo17,154850,799834,5,overall,0.1936,maize
PH207,53286,278536,5,overall,0.1913,maize
PHG35,68172,354402,5,overall,0.1924,maize
PHG39,64360,346206,5,overall,0.1859,maize
PHG47,68987,359174,5,overall,0.1921,maize
PHG84,55389,288169,5,overall,0.1922,maize
PHJ40,62768,326568,5,overall,0.1922,maize
PHZ51,81265,428008,5,overall,0.1899,maize
BKN009,83312,737417,5,seg,0.113,landrace
BKN010,80204,744088,5,seg,0.1078,landrace
BKN011,80009,735280,5,seg,0.1088,landrace
BKN014,80791,744748,5,seg,0.1085,landrace
BKN015,81322,740639,5,seg,0.1098,landrace
BKN016,82092,745378,5,seg,0.1101,landrace
BKN017,80393,712674,5,seg,0.1128,landrace
BKN018,79622,744891,5,seg,0.1069,landrace
BKN019,80688,746872,5,seg,0.108,landrace
BKN020,79341,737403,5,seg,0.1076,landrace
BKN022,82338,739864,5,seg,0.1113,landrace
BKN023,79620,723796,5,seg,0.11,landrace
BKN025,80478,737954,5,seg,0.1091,landrace
BKN026,80216,735406,5,seg,0.1091,landrace
BKN027,80250,748917,5,seg,0.1072,landrace
BKN029,78663,727585,5,seg,0.1081,landrace
BKN030,79723,726501,5,seg,0.1097,landrace
BKN031,80308,739397,5,seg,0.1086,landrace
BKN032,80258,743961,5,seg,0.1079,landrace
BKN033,81027,727328,5,seg,0.1114,landrace
BKN034,77503,735833,5,seg,0.1053,landrace
BKN035,79889,735894,5,seg,0.1086,landrace
BKN040,69224,661409,5,seg,0.1047,landrace
BKN009,65377,737417,5,fixed,0.0887,landrace
BKN010,65745,744088,5,fixed,0.0884,landrace
BKN011,65220,735280,5,fixed,0.0887,landrace
BKN014,65872,744748,5,fixed,0.0884,landrace
BKN015,65554,740639,5,fixed,0.0885,landrace
BKN016,65776,745378,5,fixed,0.0882,landrace
BKN017,63632,712674,5,fixed,0.0893,landrace
BKN018,65640,744891,5,fixed,0.0881,landrace
BKN019,65706,746872,5,fixed,0.088,landrace
BKN020,65412,737403,5,fixed,0.0887,landrace
BKN022,65337,739864,5,fixed,0.0883,landrace
BKN023,64510,723796,5,fixed,0.0891,landrace
BKN025,65495,737954,5,fixed,0.0888,landrace
BKN026,65239,735406,5,fixed,0.0887,landrace
BKN027,66150,748917,5,fixed,0.0883,landrace
BKN029,64622,727585,5,fixed,0.0888,landrace
BKN030,64838,726501,5,fixed,0.0892,landrace
BKN031,65645,739397,5,fixed,0.0888,landrace
BKN032,65738,743961,5,fixed,0.0884,landrace
BKN033,64550,727328,5,fixed,0.0887,landrace
BKN034,65231,735833,5,fixed,0.0886,landrace
BKN035,65075,735894,5,fixed,0.0884,landrace
BKN040,59851,661409,5,fixed,0.0905,landrace
B73,37019,828957,5,seg,0.0447,maize
LH1,28942,358629,5,seg,0.0807,maize
LH123HT,17421,226846,5,seg,0.0768,maize
LH82,29301,338306,5,seg,0.0866,maize
Mo17,65758,799834,5,seg,0.0822,maize
PH207,22075,278536,5,seg,0.0793,maize
PHG35,30551,354402,5,seg,0.0862,maize
PHG39,26794,346206,5,seg,0.0774,maize
PHG47,28665,359174,5,seg,0.0798,maize
PHG84,23753,288169,5,seg,0.0824,maize
PHJ40,26835,326568,5,seg,0.0822,maize
PHZ51,36164,428008,5,seg,0.0845,maize
B73,92425,828957,5,fixed,0.1115,maize
LH1,38534,358629,5,fixed,0.1074,maize
LH123HT,26063,226846,5,fixed,0.1149,maize
LH82,33547,338306,5,fixed,0.0992,maize
Mo17,89092,799834,5,fixed,0.1114,maize
PH207,31211,278536,5,fixed,0.1121,maize
PHG35,37621,354402,5,fixed,0.1062,maize
PHG39,37566,346206,5,fixed,0.1085,maize
PHG47,40322,359174,5,fixed,0.1123,maize
PHG84,31636,288169,5,fixed,0.1098,maize
PHJ40,35933,326568,5,fixed,0.11,maize
PHZ51,45101,428008,5,fixed,0.1054,maize
BKN009,102467,515116,6,overall,0.1989,landrace
BKN010,100961,512889,6,overall,0.1968,landrace
BKN011,99346,518798,6,overall,0.1915,landrace
BKN014,100778,512776,6,overall,0.1965,landrace
BKN015,99512,512471,6,overall,0.1942,landrace
BKN016,100953,511250,6,overall,0.1975,landrace
BKN017,99019,491705,6,overall,0.2014,landrace
BKN018,100586,511600,6,overall,0.1966,landrace
BKN019,102519,518724,6,overall,0.1976,landrace
BKN020,100285,514640,6,overall,0.1949,landrace
BKN022,100071,509196,6,overall,0.1965,landrace
BKN023,98070,499488,6,overall,0.1963,landrace
BKN025,100154,515134,6,overall,0.1944,landrace
BKN026,100477,502669,6,overall,0.1999,landrace
BKN027,100346,517387,6,overall,0.1939,landrace
BKN029,100030,502757,6,overall,0.199,landrace
BKN030,99374,500645,6,overall,0.1985,landrace
BKN031,101026,517613,6,overall,0.1952,landrace
BKN032,101301,514253,6,overall,0.197,landrace
BKN033,99505,508604,6,overall,0.1956,landrace
BKN034,100517,506126,6,overall,0.1986,landrace
BKN035,101073,508583,6,overall,0.1987,landrace
BKN040,89778,462445,6,overall,0.1941,landrace
B73,89381,583347,6,overall,0.1532,maize
LH1,44798,256719,6,overall,0.1745,maize
LH123HT,29210,162817,6,overall,0.1794,maize
LH82,43660,232258,6,overall,0.188,maize
Mo17,108725,549987,6,overall,0.1977,maize
PH207,37398,195984,6,overall,0.1908,maize
PHG35,46503,246576,6,overall,0.1886,maize
PHG39,44446,246853,6,overall,0.1801,maize
PHG47,47523,247936,6,overall,0.1917,maize
PHG84,37836,196748,6,overall,0.1923,maize
PHJ40,42995,228406,6,overall,0.1882,maize
PHZ51,55684,294082,6,overall,0.1893,maize
BKN009,57392,515116,6,seg,0.1114,landrace
BKN010,56172,512889,6,seg,0.1095,landrace
BKN011,53842,518798,6,seg,0.1038,landrace
BKN014,55976,512776,6,seg,0.1092,landrace
BKN015,54710,512471,6,seg,0.1068,landrace
BKN016,56231,511250,6,seg,0.11,landrace
BKN017,55680,491705,6,seg,0.1132,landrace
BKN018,56134,511600,6,seg,0.1097,landrace
BKN019,57286,518724,6,seg,0.1104,landrace
BKN020,55109,514640,6,seg,0.1071,landrace
BKN022,55666,509196,6,seg,0.1093,landrace
BKN023,53998,499488,6,seg,0.1081,landrace
BKN025,55021,515134,6,seg,0.1068,landrace
BKN026,56401,502669,6,seg,0.1122,landrace
BKN027,55222,517387,6,seg,0.1067,landrace
BKN029,55769,502757,6,seg,0.1109,landrace
BKN030,55149,500645,6,seg,0.1102,landrace
BKN031,55573,517613,6,seg,0.1074,landrace
BKN032,56190,514253,6,seg,0.1093,landrace
BKN033,54697,508604,6,seg,0.1075,landrace
BKN034,56208,506126,6,seg,0.1111,landrace
BKN035,56425,508583,6,seg,0.1109,landrace
BKN040,48367,462445,6,seg,0.1046,landrace
BKN009,45075,515116,6,fixed,0.0875,landrace
BKN010,44789,512889,6,fixed,0.0873,landrace
BKN011,45504,518798,6,fixed,0.0877,landrace
BKN014,44802,512776,6,fixed,0.0874,landrace
BKN015,44802,512471,6,fixed,0.0874,landrace
BKN016,44722,511250,6,fixed,0.0875,landrace
BKN017,43339,491705,6,fixed,0.0881,landrace
BKN018,44452,511600,6,fixed,0.0869,landrace
BKN019,45233,518724,6,fixed,0.0872,landrace
BKN020,45176,514640,6,fixed,0.0878,landrace
BKN022,44405,509196,6,fixed,0.0872,landrace
BKN023,44072,499488,6,fixed,0.0882,landrace
BKN025,45133,515134,6,fixed,0.0876,landrace
BKN026,44076,502669,6,fixed,0.0877,landrace
BKN027,45124,517387,6,fixed,0.0872,landrace
BKN029,44261,502757,6,fixed,0.088,landrace
BKN030,44225,500645,6,fixed,0.0883,landrace
BKN031,45453,517613,6,fixed,0.0878,landrace
BKN032,45111,514253,6,fixed,0.0877,landrace
BKN033,44808,508604,6,fixed,0.0881,landrace
BKN034,44309,506126,6,fixed,0.0875,landrace
BKN035,44648,508583,6,fixed,0.0878,landrace
BKN040,41411,462445,6,fixed,0.0895,landrace
B73,25914,583347,6,seg,0.0444,maize
LH1,17958,256719,6,seg,0.07,maize
LH123HT,11330,162817,6,seg,0.0696,maize
LH82,21113,232258,6,seg,0.0909,maize
Mo17,49118,549987,6,seg,0.0893,maize
PH207,15926,195984,6,seg,0.0813,maize
PHG35,21374,246576,6,seg,0.0867,maize
PHG39,18330,246853,6,seg,0.0743,maize
PHG47,20615,247936,6,seg,0.0831,maize
PHG84,16988,196748,6,seg,0.0863,maize
PHJ40,18528,228406,6,seg,0.0811,maize
PHZ51,25294,294082,6,seg,0.086,maize
B73,63467,583347,6,fixed,0.1088,maize
LH1,26840,256719,6,fixed,0.1046,maize
LH123HT,17880,162817,6,fixed,0.1098,maize
LH82,22547,232258,6,fixed,0.0971,maize
Mo17,59607,549987,6,fixed,0.1084,maize
PH207,21472,195984,6,fixed,0.1096,maize
PHG35,25129,246576,6,fixed,0.1019,maize
PHG39,26116,246853,6,fixed,0.1058,maize
PHG47,26908,247936,6,fixed,0.1085,maize
PHG84,20848,196748,6,fixed,0.106,maize
PHJ40,24467,228406,6,fixed,0.1071,maize
PHZ51,30390,294082,6,fixed,0.1033,maize
BKN009,107583,542908,7,overall,0.1982,landrace
BKN010,106629,545816,7,overall,0.1954,landrace
BKN011,107341,536621,7,overall,0.2,landrace
BKN014,105895,548597,7,overall,0.193,landrace
BKN015,107228,539193,7,overall,0.1989,landrace
BKN016,107222,542959,7,overall,0.1975,landrace
BKN017,104340,524205,7,overall,0.199,landrace
BKN018,106278,540036,7,overall,0.1968,landrace
BKN019,105913,550415,7,overall,0.1924,landrace
BKN020,107311,541082,7,overall,0.1983,landrace
BKN022,107876,543055,7,overall,0.1986,landrace
BKN023,105238,526566,7,overall,0.1999,landrace
BKN025,106477,542802,7,overall,0.1962,landrace
BKN026,106042,539488,7,overall,0.1966,landrace
BKN027,108221,547026,7,overall,0.1978,landrace
BKN029,105334,531912,7,overall,0.198,landrace
BKN030,105374,533604,7,overall,0.1975,landrace
BKN031,106915,541458,7,overall,0.1975,landrace
BKN032,105784,545240,7,overall,0.194,landrace
BKN033,106001,536275,7,overall,0.1977,landrace
BKN034,104389,535448,7,overall,0.195,landrace
BKN035,105550,539133,7,overall,0.1958,landrace
BKN040,94188,479897,7,overall,0.1963,landrace
B73,92596,610227,7,overall,0.1517,maize
LH1,48142,262535,7,overall,0.1834,maize
LH123HT,31434,166052,7,overall,0.1893,maize
LH82,46028,243078,7,overall,0.1894,maize
Mo17,113906,584676,7,overall,0.1948,maize
PH207,38796,202345,7,overall,0.1917,maize
PHG35,49335,260264,7,overall,0.1896,maize
PHG39,46209,253132,7,overall,0.1825,maize
PHG47,49986,260632,7,overall,0.1918,maize
PHG84,39657,206227,7,overall,0.1923,maize
PHJ40,45465,238087,7,overall,0.191,maize
PHZ51,58099,310505,7,overall,0.1871,maize
BKN009,61428,542908,7,seg,0.1131,landrace
BKN010,60351,545816,7,seg,0.1106,landrace
BKN011,61443,536621,7,seg,0.1145,landrace
BKN014,59250,548597,7,seg,0.108,landrace
BKN015,61258,539193,7,seg,0.1136,landrace
BKN016,61013,542959,7,seg,0.1124,landrace
BKN017,59455,524205,7,seg,0.1134,landrace
BKN018,60544,540036,7,seg,0.1121,landrace
BKN019,59407,550415,7,seg,0.1079,landrace
BKN020,61152,541082,7,seg,0.113,landrace
BKN022,61766,543055,7,seg,0.1137,landrace
BKN023,59896,526566,7,seg,0.1137,landrace
BKN025,60236,542802,7,seg,0.111,landrace
BKN026,60011,539488,7,seg,0.1112,landrace
BKN027,61759,547026,7,seg,0.1129,landrace
BKN029,59755,531912,7,seg,0.1123,landrace
BKN030,59482,533604,7,seg,0.1115,landrace
BKN031,60759,541458,7,seg,0.1122,landrace
BKN032,59475,545240,7,seg,0.1091,landrace
BKN033,60157,536275,7,seg,0.1122,landrace
BKN034,58679,535448,7,seg,0.1096,landrace
BKN035,59650,539133,7,seg,0.1106,landrace
BKN040,52438,479897,7,seg,0.1093,landrace
BKN009,46155,542908,7,fixed,0.085,landrace
BKN010,46278,545816,7,fixed,0.0848,landrace
BKN011,45898,536621,7,fixed,0.0855,landrace
BKN014,46645,548597,7,fixed,0.085,landrace
BKN015,45970,539193,7,fixed,0.0853,landrace
BKN016,46209,542959,7,fixed,0.0851,landrace
BKN017,44885,524205,7,fixed,0.0856,landrace
BKN018,45734,540036,7,fixed,0.0847,landrace
BKN019,46506,550415,7,fixed,0.0845,landrace
BKN020,46159,541082,7,fixed,0.0853,landrace
BKN022,46110,543055,7,fixed,0.0849,landrace
BKN023,45342,526566,7,fixed,0.0861,landrace
BKN025,46241,542802,7,fixed,0.0852,landrace
BKN026,46031,539488,7,fixed,0.0853,landrace
BKN027,46462,547026,7,fixed,0.0849,landrace
BKN029,45579,531912,7,fixed,0.0857,landrace
BKN030,45892,533604,7,fixed,0.086,landrace
BKN031,46156,541458,7,fixed,0.0852,landrace
BKN032,46309,545240,7,fixed,0.0849,landrace
BKN033,45844,536275,7,fixed,0.0855,landrace
BKN034,45710,535448,7,fixed,0.0854,landrace
BKN035,45900,539133,7,fixed,0.0851,landrace
BKN040,41750,479897,7,fixed,0.087,landrace
B73,27343,610227,7,seg,0.0448,maize
LH1,20899,262535,7,seg,0.0796,maize
LH123HT,13505,166052,7,seg,0.0813,maize
LH82,22824,243078,7,seg,0.0939,maize
Mo17,51503,584676,7,seg,0.0881,maize
PH207,17040,202345,7,seg,0.0842,maize
PHG35,23320,260264,7,seg,0.0896,maize
PHG39,19711,253132,7,seg,0.0779,maize
PHG47,22071,260632,7,seg,0.0847,maize
PHG84,18042,206227,7,seg,0.0875,maize
PHJ40,20429,238087,7,seg,0.0858,maize
PHZ51,26591,310505,7,seg,0.0856,maize
B73,65253,610227,7,fixed,0.1069,maize
LH1,27243,262535,7,fixed,0.1038,maize
LH123HT,17929,166052,7,fixed,0.108,maize
LH82,23204,243078,7,fixed,0.0955,maize
Mo17,62403,584676,7,fixed,0.1067,maize
PH207,21756,202345,7,fixed,0.1075,maize
PHG35,26015,260264,7,fixed,0.1,maize
PHG39,26498,253132,7,fixed,0.1047,maize
PHG47,27915,260632,7,fixed,0.1071,maize
PHG84,21615,206227,7,fixed,0.1048,maize
PHJ40,25036,238087,7,fixed,0.1052,maize
PHZ51,31508,310505,7,fixed,0.1015,maize
BKN009,109733,547288,8,overall,0.2005,landrace
BKN010,107666,549193,8,overall,0.196,landrace
BKN011,107834,539383,8,overall,0.1999,landrace
BKN014,108229,546740,8,overall,0.198,landrace
BKN015,105457,550626,8,overall,0.1915,landrace
BKN016,107800,547786,8,overall,0.1968,landrace
BKN017,104680,529569,8,overall,0.1977,landrace
BKN018,105468,548667,8,overall,0.1922,landrace
BKN019,107386,549634,8,overall,0.1954,landrace
BKN020,107835,544517,8,overall,0.198,landrace
BKN022,108128,545176,8,overall,0.1983,landrace
BKN023,105778,533050,8,overall,0.1984,landrace
BKN025,106944,543949,8,overall,0.1966,landrace
BKN026,106850,543095,8,overall,0.1967,landrace
BKN027,109843,548613,8,overall,0.2002,landrace
BKN029,105025,536964,8,overall,0.1956,landrace
BKN030,106905,531314,8,overall,0.2012,landrace
BKN031,107035,544975,8,overall,0.1964,landrace
BKN032,106840,547675,8,overall,0.1951,landrace
BKN033,106935,535158,8,overall,0.1998,landrace
BKN034,105930,538476,8,overall,0.1967,landrace
BKN035,106075,545282,8,overall,0.1945,landrace
BKN040,94266,484146,8,overall,0.1947,landrace
B73,95418,619457,8,overall,0.154,maize
LH1,50553,262938,8,overall,0.1923,maize
LH123HT,31380,164050,8,overall,0.1913,maize
LH82,45361,251959,8,overall,0.18,maize
Mo17,112507,595398,8,overall,0.189,maize
PH207,39344,207402,8,overall,0.1897,maize
PHG35,49585,267382,8,overall,0.1854,maize
PHG39,47970,254713,8,overall,0.1883,maize
PHG47,50666,262847,8,overall,0.1928,maize
PHG84,40015,209961,8,overall,0.1906,maize
PHJ40,46311,237126,8,overall,0.1953,maize
PHZ51,59987,313704,8,overall,0.1912,maize
BKN009,61808,547288,8,seg,0.1129,landrace
BKN010,59683,549193,8,seg,0.1087,landrace
BKN011,60275,539383,8,seg,0.1117,landrace
BKN014,60493,546740,8,seg,0.1106,landrace
BKN015,57255,550626,8,seg,0.104,landrace
BKN016,59820,547786,8,seg,0.1092,landrace
BKN017,57982,529569,8,seg,0.1095,landrace
BKN018,57691,548667,8,seg,0.1051,landrace
BKN019,59451,549634,8,seg,0.1082,landrace
BKN020,59999,544517,8,seg,0.1102,landrace
BKN022,60571,545176,8,seg,0.1111,landrace
BKN023,58902,533050,8,seg,0.1105,landrace
BKN025,59298,543949,8,seg,0.109,landrace
BKN026,59237,543095,8,seg,0.1091,landrace
BKN027,61887,548613,8,seg,0.1128,landrace
BKN029,57826,536964,8,seg,0.1077,landrace
BKN030,59905,531314,8,seg,0.1127,landrace
BKN031,59252,544975,8,seg,0.1087,landrace
BKN032,58997,547675,8,seg,0.1077,landrace
BKN033,59765,535158,8,seg,0.1117,landrace
BKN034,58588,538476,8,seg,0.1088,landrace
BKN035,58518,545282,8,seg,0.1073,landrace
BKN040,50886,484146,8,seg,0.1051,landrace
BKN009,47925,547288,8,fixed,0.0876,landrace
BKN010,47983,549193,8,fixed,0.0874,landrace
BKN011,47559,539383,8,fixed,0.0882,landrace
BKN014,47736,546740,8,fixed,0.0873,landrace
BKN015,48202,550626,8,fixed,0.0875,landrace
BKN016,47980,547786,8,fixed,0.0876,landrace
BKN017,46698,529569,8,fixed,0.0882,landrace
BKN018,47777,548667,8,fixed,0.0871,landrace
BKN019,47935,549634,8,fixed,0.0872,landrace
BKN020,47836,544517,8,fixed,0.0879,landrace
BKN022,47557,545176,8,fixed,0.0872,landrace
BKN023,46876,533050,8,fixed,0.0879,landrace
BKN025,47646,543949,8,fixed,0.0876,landrace
BKN026,47613,543095,8,fixed,0.0877,landrace
BKN027,47956,548613,8,fixed,0.0874,landrace
BKN029,47199,536964,8,fixed,0.0879,landrace
BKN030,47000,531314,8,fixed,0.0885,landrace
BKN031,47783,544975,8,fixed,0.0877,landrace
BKN032,47843,547675,8,fixed,0.0874,landrace
BKN033,47170,535158,8,fixed,0.0881,landrace
BKN034,47342,538476,8,fixed,0.0879,landrace
BKN035,47557,545282,8,fixed,0.0872,landrace
BKN040,43380,484146,8,fixed,0.0896,landrace
B73,27112,619457,8,seg,0.0438,maize
LH1,22264,262938,8,seg,0.0847,maize
LH123HT,13055,164050,8,seg,0.0796,maize
LH82,20300,251959,8,seg,0.0806,maize
Mo17,47010,595398,8,seg,0.079,maize
PH207,16429,207402,8,seg,0.0792,maize
PHG35,21605,267382,8,seg,0.0808,maize
PHG39,20538,254713,8,seg,0.0806,maize
PHG47,21663,262847,8,seg,0.0824,maize
PHG84,17691,209961,8,seg,0.0843,maize
PHJ40,20297,237126,8,seg,0.0856,maize
PHZ51,27125,313704,8,seg,0.0865,maize
B73,68306,619457,8,fixed,0.1103,maize
LH1,28289,262938,8,fixed,0.1076,maize
LH123HT,18325,164050,8,fixed,0.1117,maize
LH82,25061,251959,8,fixed,0.0995,maize
Mo17,65497,595398,8,fixed,0.11,maize
PH207,22915,207402,8,fixed,0.1105,maize
PHG35,27980,267382,8,fixed,0.1046,maize
PHG39,27432,254713,8,fixed,0.1077,maize
PHG47,29003,262847,8,fixed,0.1103,maize
PHG84,22324,209961,8,fixed,0.1063,maize
PHJ40,26014,237126,8,fixed,0.1097,maize
PHZ51,32862,313704,8,fixed,0.1048,maize
BKN009,102079,497661,9,overall,0.2051,landrace
BKN010,101311,497295,9,overall,0.2037,landrace
BKN011,100845,495073,9,overall,0.2037,landrace
BKN014,101177,501971,9,overall,0.2016,landrace
BKN015,100879,496668,9,overall,0.2031,landrace
BKN016,99837,506430,9,overall,0.1971,landrace
BKN017,98593,482030,9,overall,0.2045,landrace
BKN018,100440,499130,9,overall,0.2012,landrace
BKN019,101278,501026,9,overall,0.2021,landrace
BKN020,101482,496448,9,overall,0.2044,landrace
BKN022,102050,495616,9,overall,0.2059,landrace
BKN023,100289,489050,9,overall,0.2051,landrace
BKN025,101466,495126,9,overall,0.2049,landrace
BKN026,100324,494101,9,overall,0.203,landrace
BKN027,101585,502629,9,overall,0.2021,landrace
BKN029,99602,491086,9,overall,0.2028,landrace
BKN030,99067,486533,9,overall,0.2036,landrace
BKN031,100865,494764,9,overall,0.2039,landrace
BKN032,101820,498338,9,overall,0.2043,landrace
BKN033,100226,487138,9,overall,0.2057,landrace
BKN034,99997,488822,9,overall,0.2046,landrace
BKN035,100490,493769,9,overall,0.2035,landrace
BKN040,88874,442573,9,overall,0.2008,landrace
B73,88916,564316,9,overall,0.1576,maize
LH1,44764,249898,9,overall,0.1791,maize
LH123HT,29955,153741,9,overall,0.1948,maize
LH82,43816,223891,9,overall,0.1957,maize
Mo17,106931,535784,9,overall,0.1996,maize
PH207,36770,185905,9,overall,0.1978,maize
PHG35,47191,236232,9,overall,0.1998,maize
PHG39,44663,229653,9,overall,0.1945,maize
PHG47,47754,241767,9,overall,0.1975,maize
PHG84,37811,191023,9,overall,0.1979,maize
PHJ40,41034,232115,9,overall,0.1768,maize
PHZ51,55767,287677,9,overall,0.1939,maize
BKN009,58217,497661,9,seg,0.117,landrace
BKN010,57635,497295,9,seg,0.1159,landrace
BKN011,57199,495073,9,seg,0.1155,landrace
BKN014,57050,501971,9,seg,0.1137,landrace
BKN015,57156,496668,9,seg,0.1151,landrace
BKN016,55341,506430,9,seg,0.1093,landrace
BKN017,56014,482030,9,seg,0.1162,landrace
BKN018,56663,499130,9,seg,0.1135,landrace
BKN019,57387,501026,9,seg,0.1145,landrace
BKN020,57867,496448,9,seg,0.1166,landrace
BKN022,58394,495616,9,seg,0.1178,landrace
BKN023,56924,489050,9,seg,0.1164,landrace
BKN025,57873,495126,9,seg,0.1169,landrace
BKN026,56798,494101,9,seg,0.115,landrace
BKN027,57352,502629,9,seg,0.1141,landrace
BKN029,56238,491086,9,seg,0.1145,landrace
BKN030,55841,486533,9,seg,0.1148,landrace
BKN031,57392,494764,9,seg,0.116,landrace
BKN032,58129,498338,9,seg,0.1166,landrace
BKN033,57132,487138,9,seg,0.1173,landrace
BKN034,56797,488822,9,seg,0.1162,landrace
BKN035,56989,493769,9,seg,0.1154,landrace
BKN040,49034,442573,9,seg,0.1108,landrace
BKN009,43862,497661,9,fixed,0.0881,landrace
BKN010,43676,497295,9,fixed,0.0878,landrace
BKN011,43646,495073,9,fixed,0.0882,landrace
BKN014,44127,501971,9,fixed,0.0879,landrace
BKN015,43723,496668,9,fixed,0.088,landrace
BKN016,44496,506430,9,fixed,0.0879,landrace
BKN017,42579,482030,9,fixed,0.0883,landrace
BKN018,43777,499130,9,fixed,0.0877,landrace
BKN019,43891,501026,9,fixed,0.0876,landrace
BKN020,43615,496448,9,fixed,0.0879,landrace
BKN022,43656,495616,9,fixed,0.0881,landrace
BKN023,43365,489050,9,fixed,0.0887,landrace
BKN025,43593,495126,9,fixed,0.088,landrace
BKN026,43526,494101,9,fixed,0.0881,landrace
BKN027,44233,502629,9,fixed,0.088,landrace
BKN029,43364,491086,9,fixed,0.0883,landrace
BKN030,43226,486533,9,fixed,0.0888,landrace
BKN031,43473,494764,9,fixed,0.0879,landrace
BKN032,43691,498338,9,fixed,0.0877,landrace
BKN033,43094,487138,9,fixed,0.0885,landrace
BKN034,43200,488822,9,fixed,0.0884,landrace
BKN035,43501,493769,9,fixed,0.0881,landrace
BKN040,39840,442573,9,fixed,0.09,landrace
B73,26394,564316,9,seg,0.0468,maize
LH1,18433,249898,9,seg,0.0738,maize
LH123HT,12885,153741,9,seg,0.0838,maize
LH82,21477,223891,9,seg,0.0959,maize
Mo17,48047,535784,9,seg,0.0897,maize
PH207,16159,185905,9,seg,0.0869,maize
PHG35,22768,236232,9,seg,0.0964,maize
PHG39,20064,229653,9,seg,0.0874,maize
PHG47,21000,241767,9,seg,0.0869,maize
PHG84,17320,191023,9,seg,0.0907,maize
PHJ40,16108,232115,9,seg,0.0694,maize
PHZ51,25728,287677,9,seg,0.0894,maize
B73,62522,564316,9,fixed,0.1108,maize
LH1,26331,249898,9,fixed,0.1054,maize
LH123HT,17070,153741,9,fixed,0.111,maize
LH82,22339,223891,9,fixed,0.0998,maize
Mo17,58884,535784,9,fixed,0.1099,maize
PH207,20611,185905,9,fixed,0.1109,maize
PHG35,24423,236232,9,fixed,0.1034,maize
PHG39,24599,229653,9,fixed,0.1071,maize
PHG47,26754,241767,9,fixed,0.1107,maize
PHG84,20491,191023,9,fixed,0.1073,maize
PHJ40,24926,232115,9,fixed,0.1074,maize
PHZ51,30039,287677,9,fixed,0.1044,maize
BKN009,88335,449567,10,overall,0.1965,landrace
BKN010,87768,448792,10,overall,0.1956,landrace
BKN011,87947,446018,10,overall,0.1972,landrace
BKN014,86857,452960,10,overall,0.1918,landrace
BKN015,86693,450234,10,overall,0.1926,landrace
BKN016,88095,451388,10,overall,0.1952,landrace
BKN017,85156,434964,10,overall,0.1958,landrace
BKN018,87418,446372,10,overall,0.1958,landrace
BKN019,87917,451457,10,overall,0.1947,landrace
BKN020,88162,447024,10,overall,0.1972,landrace
BKN022,86887,450462,10,overall,0.1929,landrace
BKN023,86462,435876,10,overall,0.1984,landrace
BKN025,87389,448688,10,overall,0.1948,landrace
BKN026,87649,445870,10,overall,0.1966,landrace
BKN027,87652,453098,10,overall,0.1935,landrace
BKN029,86548,439690,10,overall,0.1968,landrace
BKN030,86269,439941,10,overall,0.1961,landrace
BKN031,87412,446969,10,overall,0.1956,landrace
BKN032,86821,451131,10,overall,0.1925,landrace
BKN033,86738,443765,10,overall,0.1955,landrace
BKN034,86666,442913,10,overall,0.1957,landrace
BKN035,87405,445128,10,overall,0.1964,landrace
BKN040,78020,402994,10,overall,0.1936,landrace
B73,77817,509444,10,overall,0.1527,maize
LH1,40791,214264,10,overall,0.1904,maize
LH123HT,26030,136782,10,overall,0.1903,maize
LH82,38131,203189,10,overall,0.1877,maize
Mo17,94613,482604,10,overall,0.196,maize
PH207,32711,169183,10,overall,0.1933,maize
PHG35,41218,215072,10,overall,0.1916,maize
PHG39,39349,211428,10,overall,0.1861,maize
PHG47,41437,219103,10,overall,0.1891,maize
PHG84,32826,175204,10,overall,0.1874,maize
PHJ40,37606,199559,10,overall,0.1884,maize
PHZ51,47871,260238,10,overall,0.184,maize
BKN009,49811,449567,10,seg,0.1108,landrace
BKN010,49136,448792,10,seg,0.1095,landrace
BKN011,49453,446018,10,seg,0.1109,landrace
BKN014,48022,452960,10,seg,0.106,landrace
BKN015,48039,450234,10,seg,0.1067,landrace
BKN016,49332,451388,10,seg,0.1093,landrace
BKN017,47503,434964,10,seg,0.1092,landrace
BKN018,49176,446372,10,seg,0.1102,landrace
BKN019,49325,451457,10,seg,0.1093,landrace
BKN020,49697,447024,10,seg,0.1112,landrace
BKN022,48299,450462,10,seg,0.1072,landrace
BKN023,48589,435876,10,seg,0.1115,landrace
BKN025,48821,448688,10,seg,0.1088,landrace
BKN026,49239,445870,10,seg,0.1104,landrace
BKN027,48797,453098,10,seg,0.1077,landrace
BKN029,48608,439690,10,seg,0.1106,landrace
BKN030,48245,439941,10,seg,0.1097,landrace
BKN031,48967,446969,10,seg,0.1096,landrace
BKN032,48280,451131,10,seg,0.107,landrace
BKN033,48352,443765,10,seg,0.109,landrace
BKN034,48404,442913,10,seg,0.1093,landrace
BKN035,49188,445128,10,seg,0.1105,landrace
BKN040,42823,402994,10,seg,0.1063,landrace
BKN009,38524,449567,10,fixed,0.0857,landrace
BKN010,38632,448792,10,fixed,0.0861,landrace
BKN011,38494,446018,10,fixed,0.0863,landrace
BKN014,38835,452960,10,fixed,0.0857,landrace
BKN015,38654,450234,10,fixed,0.0859,landrace
BKN016,38763,451388,10,fixed,0.0859,landrace
BKN017,37653,434964,10,fixed,0.0866,landrace
BKN018,38242,446372,10,fixed,0.0857,landrace
BKN019,38592,451457,10,fixed,0.0855,landrace
BKN020,38465,447024,10,fixed,0.086,landrace
BKN022,38588,450462,10,fixed,0.0857,landrace
BKN023,37873,435876,10,fixed,0.0869,landrace
BKN025,38568,448688,10,fixed,0.086,landrace
BKN026,38410,445870,10,fixed,0.0861,landrace
BKN027,38855,453098,10,fixed,0.0858,landrace
BKN029,37940,439690,10,fixed,0.0863,landrace
BKN030,38024,439941,10,fixed,0.0864,landrace
BKN031,38445,446969,10,fixed,0.086,landrace
BKN032,38541,451131,10,fixed,0.0854,landrace
BKN033,38386,443765,10,fixed,0.0865,landrace
BKN034,38262,442913,10,fixed,0.0864,landrace
BKN035,38217,445128,10,fixed,0.0859,landrace
BKN040,35197,402994,10,fixed,0.0873,landrace
B73,22162,509444,10,seg,0.0435,maize
LH1,18187,214264,10,seg,0.0849,maize
LH123HT,10781,136782,10,seg,0.0788,maize
LH82,18029,203189,10,seg,0.0887,maize
Mo17,42148,482604,10,seg,0.0873,maize
PH207,13917,169183,10,seg,0.0823,maize
PHG35,18725,215072,10,seg,0.0871,maize
PHG39,16601,211428,10,seg,0.0785,maize
PHG47,17625,219103,10,seg,0.0804,maize
PHG84,13945,175204,10,seg,0.0796,maize
PHJ40,15795,199559,10,seg,0.0791,maize
PHZ51,20741,260238,10,seg,0.0797,maize
B73,55655,509444,10,fixed,0.1092,maize
LH1,22604,214264,10,fixed,0.1055,maize
LH123HT,15249,136782,10,fixed,0.1115,maize
LH82,20102,203189,10,fixed,0.0989,maize
Mo17,52465,482604,10,fixed,0.1087,maize
PH207,18794,169183,10,fixed,0.1111,maize
PHG35,22493,215072,10,fixed,0.1046,maize
PHG39,22748,211428,10,fixed,0.1076,maize
PHG47,23812,219103,10,fixed,0.1087,maize
PHG84,18881,175204,10,fixed,0.1078,maize
PHJ40,21811,199559,10,fixed,0.1093,maize
PHZ51,27130,260238,10,fixed,0.1043,maize
