bin,mgerp,gen
1_0,2.70518867924528,3.88120503894744
10_1,2.14811597938144,2.64468584207412
10_10,1.73973230088496,1.13304248379855
10_100,1.8374,0.380984546443043
10_101,1.5455,0.40546339397639
10_102,2.18881468085106,0.347485732235834
10_103,2.45951428571429,0.237822441764981
10_104,1.19216666666667,0.17772538170229
10_105,2.45925,0.139836018961769
10_106,1.46229397590361,0.162702913776754
10_107,1.6848856,0.234002789313257
10_108,1.9756269005848,0.260405929443008
10_109,1.87705660377358,0.174676629888919
10_11,2.03788235109718,1.21554196543961
10_110,1.70845925925926,0.080923389826854
10_111,2.05142488,0.164318554522546
10_112,1.75531703196347,0.455947163508209
10_113,1.8258313304721,0.776276076214092
10_114,1.888737,0.831066710032604
10_115,1.67164536741214,0.52820183524246
10_116,2.01893306451613,0.112661331026039
10_117,1.87541174496644,0.106557892370129
10_118,1.90007587412587,0.0245425875249979
10_119,1.83469603960396,0.339964705482393
10_12,1.80623307086614,1.04151951711803
10_120,1.92995719457014,0.678515958377287
10_121,1.69875247524752,0.773425113113422
10_122,1.94415491803279,0.635842902951734
10_123,1.88659358974359,0.483989102716473
10_124,1.76021279069767,0.724752882646148
10_125,1.82379,1.25575737457168
10_126,2.13131106557377,1.69967831241755
10_127,1.74691637362637,1.55915796685801
10_128,1.76984870848708,0.655171050476409
10_129,2.03897250859107,0.266171800056003
10_13,2.01297170731707,0.83986877562496
10_130,1.72917788944724,0.266398705089174
10_131,1.66719375968992,0.564804781138138
10_132,1.88507938931298,1.77209039773453
10_133,1.79962640364188,2.06489200111203
10_134,1.94488199288256,1.68337010695411
10_135,1.82019413489736,1.39403171269516
10_136,1.66253446296296,2.04198654351493
10_137,1.76212012867647,3.46770012413688
10_138,1.78146197183099,4.04340859344428
10_139,1.7856658019802,3.48396812731095
10_14,1.58981312419355,0.861416168180488
10_140,1.91624777327935,2.71687724142373
10_141,1.78849480427046,2.87196313143157
10_142,1.87938104495747,3.98099304904359
10_143,1.84465516620112,5.13961616137185
10_144,1.93220557377049,5.56545542430928
10_145,1.88569498164015,5.97984204541582
10_146,1.7126267281106,7.37064316784313
10_147,1.97838089500861,9.43029958438791
10_148,1.89161268556005,11.1598887926871
10_149,1.97884886363636,11.8561370607587
10_15,1.55594843049327,1.11485796599131
10_150,2.102975,11.8631146197747
10_16,1.96159259259259,1.33393132669448
10_17,1.90178026315789,1.31245519984655
10_18,2.00143859649123,0.909843786025422
10_19,1.60154051724138,0.305982259148612
10_2,1.89630251346499,3.18846366985038
10_20,1.86521238938053,0.212044815113659
10_21,2.46069565217391,0.313073226404604
10_22,1.72158079470199,0.0539481407312824
10_23,2.14015634517766,0.551117491528244
10_24,1.95870319148936,0.850427675602126
10_25,2.11495245901639,0.722640044964268
10_26,1.77188172043011,0.128978724959323
10_27,2.35043486956522,0.474069477036719
10_28,1.72903269230769,0.718498591531437
10_29,1.35389361702128,0.64163621660311
10_3,1.63744246575342,5.0464036412497
10_30,1.98772823529412,0.296653093872022
10_31,2.06271604938272,0.162453205861722
10_32,2.73733333333333,0.432788020427591
10_33,1.16253684210526,0.459278634013485
10_34,1.89092592592593,0.156003458819545
10_35,2.07316666666667,0.222548626874973
10_36,2.16555555555556,0.454513709131177
10_37,1.9025,0.344605205507777
10_38,1.6002652173913,0.0532477393672221
10_39,1.224,0.481416306287296
10_4,1.76458058252427,7.18698354766728
10_40,1.82956136363636,0.94671355152826
10_41,1.78236363636364,1.28847472777616
10_42,2.59166666666667,1.24784746312611
10_43,2.2665,0.846876702741486
10_44,1.62561538461538,0.410599569222396
10_45,2.08346666666667,0.0828084199601447
10_46,2.06,0
10_47,2.02709090909091,0.431916380988646
10_48,1.55344545454545,0.55789371988565
10_49,2.20936363636364,0.656812395613725
10_5,1.78551521140143,7.8975962140834
10_50,2.21833333333333,0.670955519595841
10_51,2.05,0.632383799476851
10_52,2.82666666666667,0.536796060702465
10_53,2.1225,0.380366627323692
10_54,1.89726804123711,0.15571828693275
10_55,2.70708333333333,0.217685703090447
10_56,1.47028947368421,0.592327985674771
10_57,1.87282285714286,0.787084161633053
10_58,1.62416136363636,0.800576415018813
10_59,2.22009615384615,0.685873296339718
10_6,1.85028278301887,6.10767496292516
10_60,1.711065625,0.533801436131167
10_61,1.73942095890411,0.357839365908647
10_62,1.86509902912621,0.221520070725316
10_63,1.67397777777778,0.120100564205757
10_64,1.94153571428571,0.0540299888049832
10_65,1.5465875,0.0155206719830221
10_66,1.74022716814159,0.042725061381663
10_67,1.53368552631579,0.143044959030623
10_68,1.95269230769231,0.249900368668813
10_69,1.7015,0.273959392642985
10_7,1.53396575342466,3.4942727505488
10_70,1.87590804597701,0.177812760792056
10_71,2.09359384615385,0.0310997493360215
10_72,2.00761604938272,0.179885731048696
10_73,2.26009657534247,0.237582630673268
10_74,2.79184848484848,0.0801621412911212
10_75,1.85934130434783,0.181310319010175
10_76,1.88727558558559,0.532493514989695
10_77,1.61755105263158,0.876514253935244
10_78,1.60048188976378,1.04133755075042
10_79,1.67981395348837,1.03446289628452
10_8,1.9347641509434,1.66101211753232
10_80,1.45105405405405,0.828164095963853
10_81,2.24332183406114,0.52638986951253
10_82,1.7685540397351,0.294003952719812
10_83,1.45320909090909,0.268759406579227
10_84,1.71988923076923,0.402567485966049
10_85,1.78659375,0.45414920684503
10_86,1.87721814516129,0.354462522033066
10_87,1.77108197674419,0.175921222476571
10_88,1.73858227848101,0.0127341815996144
10_89,1.60106486486486,0.0205893283452286
10_9,1.76958403547672,1.07746763012142
10_90,1.75001258278146,0.0201539560704251
10_91,1.90983714285714,0.0915045637901225
10_92,1.51691549295775,0.127036670042213
10_93,1.93235483870968,0.104725810374134
10_94,2.01166,0.064533615560344
10_95,1.87478767123288,0.0242924814769867
10_96,1.97705,0.0355767223877212
10_97,1.87773218390805,0.073302957983792
10_98,1.7271,0.169904879406748
10_99,1.79026858638743,0.28758736964204
1_1,2.2490625,3.88023421011571
1_10,1.83185168794326,3.93106243854524
1_100,1.84124133333333,0.589717914332858
1_101,1.69991066666667,0.552411878296467
1_102,1.60935761589404,0.494825141165738
1_103,1.92450391304348,0.404408956310336
1_104,2.36380769230769,0.274119049903363
1_105,1.76744605263158,0.147812324802818
1_106,1.74412676056338,0.0246334542014945
1_107,2.14570884353741,0.0886143251386455
1_108,1.57052343283582,0.149949267164615
1_109,2.18936170212766,0.207897665431529
1_11,1.83594256505576,3.54254846431548
1_110,1.64188256880734,0.196778846042531
1_111,2.15905980392157,0.155422858972397
1_112,1.85601044776119,0.0643520520582507
1_113,1.93232727272727,0.0337094938294784
1_114,2.15348275862069,0.114496970282916
1_115,1.60533925490196,0.199065718229119
1_116,2.3458679245283,0.274108680802634
1_117,1.678875,0.322784728408942
1_118,2.27945714285714,0.336536470198426
1_119,1.76841126760563,0.341957255343078
1_12,1.98234174214876,3.14619528423746
1_120,1.6448967032967,0.305706812492892
1_121,1.93503703703704,0.245215380842816
1_122,1.73290721649485,0.186328074050924
1_123,1.7013,0.168033337814308
1_124,2.09753333333333,0.068383549653298
1_125,1.96209523809524,0.0171901644754781
1_126,2.145,0.0202042242991981
1_127,2.17821,0.0673903491628541
1_128,3.32875,0.0916232765007149
1_129,2.15257142857143,0.123234283777722
1_13,1.88342051282051,2.79069091905025
1_130,2.84838461538462,0.139958546823149
1_131,2.47532352941176,0.146463180487927
1_132,0.77,0.185918530499766
1_133,1.855,0.153573659046006
1_137,2.57,0.100661750346745
1_138,1.4315625,0.0603588636236625
1_139,1.8351875,0.0244357778885658
1_14,2.00332700729927,2.48146421427819
1_140,2.01604651162791,0.0242731997174724
1_141,1.7830243902439,0.0850472721087503
1_142,1.90146470588235,0.11857121683714
1_143,1.76528666666667,0.144759175017467
1_144,2.16627906976744,0.143911293078952
1_145,1.87961355932203,0.116957696401216
1_146,1.88451162790698,0.0592327580845193
1_147,1.94007454545455,0.0204094336484024
1_148,2.3844,0.117791457292345
1_149,1.61422038834951,0.184887539072907
1_15,1.89303843843844,2.25685430942788
1_150,1.86288636363636,0.241241871197808
1_151,1.74471323529412,0.243375619847268
1_152,1.77235555555556,0.193675742113294
1_153,1.63751162790698,0.119322163332531
1_154,2.04112727272727,0.0217033906122095
1_155,1.589137,0.162654874549723
1_156,1.89898582089552,0.331227563615671
1_157,1.5745393258427,0.472707318125868
1_158,1.9005641025641,0.59128262687161
1_159,2.25138775510204,0.691022553913062
1_16,1.75299504201681,2.09215204766793
1_160,1.69266046511628,0.750628869884557
1_161,1.77276690647482,0.790371518523233
1_162,1.56818466245059,0.782888838364545
1_163,2.01716666666667,0.763190475382866
1_164,1.60100409836066,0.714820719855542
1_165,1.73567231404959,0.658935884440211
1_166,1.619625,0.580675375955722
1_167,1.86727131782946,0.513875142728821
1_168,1.217403125,0.458505272810655
1_169,2.41584615384615,0.439097783201931
1_17,1.92379936739659,1.9889574819581
1_170,1.76480857142857,0.438568512375623
1_171,2.03075431034483,0.457141785455139
1_172,1.90542019230769,0.526559187542077
1_173,1.94473715568862,0.633815801604168
1_174,1.76350133004926,0.755635149124625
1_175,1.72344655172414,0.891255436917236
1_176,1.72954900990099,1.03432923748948
1_177,1.71310377358491,1.21096895681078
1_178,1.67373461538462,1.36537551419732
1_179,1.96427826086957,1.47051100257338
1_18,1.88526143410853,1.93335925466853
1_180,1.6492003021148,1.55152847719697
1_181,1.88056113744076,1.57582219361155
1_182,1.90742060606061,1.58348981205099
1_183,1.83955927419355,1.59016556803894
1_184,1.896222265625,1.60612384579532
1_185,1.61512934782609,1.6596918765323
1_186,2.137,1.7401139774655
1_187,1.62101875,1.88555039877735
1_188,1.99718659793814,2.07628463388002
1_189,1.78085902173913,2.28787860754152
1_19,1.54657103174603,1.91575366813612
1_190,1.74003524590164,2.47533970203922
1_191,1.92814584837545,2.59500036849005
1_192,1.99457201365188,2.65438316374213
1_193,1.77979567901235,2.65149325565671
1_194,1.81376931216931,2.55658891487686
1_195,1.55692325581395,2.42713601102824
1_196,1.93280894495413,2.2777901294308
1_197,1.90017421602787,2.15257268832411
1_198,1.47112863849765,2.07886756871135
1_199,1.86845799256506,2.03602617807606
1_2,2.11108451612903,3.94787950052957
1_20,1.98872728723404,1.91136064986263
1_200,1.6157194214876,2.03145045562532
1_201,1.60675864864865,2.0002909514111
1_202,1.68247372262774,1.95587784075975
1_203,1.84153862068966,1.88480811203567
1_204,2.00555791666667,1.77291262268328
1_205,1.8769866359447,1.62837856748484
1_206,1.71868961038961,1.49867281960708
1_207,2.03237978723404,1.41397637088375
1_208,1.71427333333333,1.36253483385184
1_209,1.67913915254237,1.36533714999994
1_21,1.68747474747475,1.92199448113013
1_210,1.89292907801418,1.42279863452873
1_211,1.90699102040816,1.54413822610687
1_212,1.62733515151515,1.66940061259746
1_213,1.8660865470852,1.76767618033086
1_214,1.84217901234568,1.86982487012506
1_215,1.6444015625,1.87234116668626
1_216,2.19163768115942,1.80195658960858
1_217,1.89931414790997,1.65567242085451
1_218,1.8056,1.48043749888967
1_219,1.86824175824176,1.20135862739319
1_22,1.62458961303462,1.92926770949744
1_220,1.86105273972603,0.997872827192756
1_221,1.77144029850746,0.85352235466496
1_222,1.75062840466926,0.74570731960367
1_223,1.79478854395604,0.719153646052818
1_224,1.83895190615836,0.748214737629707
1_225,1.83393918918919,0.850745769818553
1_226,1.61197585106383,1.00775060994106
1_227,1.85154868421053,1.19189771986683
1_228,2.04624037037037,1.37016565196514
1_229,1.72390106007067,1.51869794226692
1_23,1.78784104545455,1.93252663766535
1_230,1.70549232492997,1.58828744683975
1_231,1.63231534090909,1.55646222362419
1_232,1.97389795918367,1.47509310832062
1_233,2.06602896174863,1.31167656594614
1_234,1.84440769230769,1.15931689481431
1_235,2.00005844155844,0.999372394136482
1_236,1.55994360189573,0.887246186300741
1_237,2.09922340425532,0.82356880538099
1_238,1.58126939655172,0.849300374273898
1_239,1.81347146443515,0.959699038381539
1_24,1.52619383064516,1.92967845463224
1_240,1.81752972972973,1.15557249494182
1_241,1.79957553956835,1.44606189144898
1_242,1.94962840909091,1.72166600887618
1_243,2.10517619047619,1.94616511806042
1_244,1.8402,2.0979844363808
1_245,1.62200105263158,2.12046494523156
1_246,1.61940544871795,2.05931020351988
1_247,1.98958083333333,1.91334132127195
1_248,1.95108173076923,1.7412217935673
1_249,1.92162274193548,1.56840999653939
1_25,1.86468774193548,1.89756539179956
1_250,1.79081856540084,1.46843190625871
1_251,1.93024515050167,1.43809944401035
1_252,1.62875659574468,1.48981038986839
1_253,1.72806044776119,1.59727562117128
1_254,1.75381093994778,1.74052285306505
1_255,1.8126125631769,1.84806367535258
1_256,1.62036490066225,1.91897699547247
1_257,1.48973582089552,1.89776289658112
1_258,2.16198898678414,1.78607431822365
1_259,1.66180353562005,1.61468397803607
1_26,1.89414576086957,1.86470693213381
1_260,1.78681052631579,1.40930138916856
1_261,1.83545696969697,1.19488344780046
1_262,1.7680162633452,1.0099608778891
1_263,1.66246720430108,0.889820877985171
1_264,1.90939285714286,0.824418751537481
1_265,1.86070647058824,0.844565018117001
1_266,1.40402547169811,0.93039469934121
1_267,1.91864804469274,1.09878523188254
1_268,1.92947267904509,1.29866413683959
1_269,1.88884134751773,1.45867116121937
1_27,1.77297696969697,1.81984057238775
1_270,1.83160228215768,1.52646632788499
1_271,1.57275943069307,1.48226261034913
1_272,1.544432,1.36048883327904
1_273,1.76446393175853,1.18826620750267
1_274,1.94729018691589,1.00863349519009
1_275,1.77709261904762,0.906080624701459
1_276,1.84110254452926,0.952273770051833
1_277,1.80892113821138,1.16655308123506
1_278,2.01481333333333,1.54472015666713
1_279,1.93222667096774,2.0147990570331
1_28,1.86063755350554,1.74781798986869
1_280,1.65510104712042,2.4845645171998
1_281,1.63320128534704,2.8231655938637
1_282,1.66553769021739,3.03222312143319
1_283,2.04940868686869,3.06800309599186
1_284,2.02028990825688,2.96573856094181
1_285,1.90111794788274,2.81227545335042
1_286,1.80687685185185,2.60489506756713
1_287,1.86140481927711,2.37359106069087
1_288,1.73856616966581,2.22841103315945
1_289,1.71928337662338,2.27137491762267
1_29,1.7553564159292,1.67644765883571
1_290,1.9169,2.47926103375771
1_291,1.69752272727273,2.82824685357536
1_292,1.70237035789474,3.20913998356829
1_293,1.68395735294118,3.63181469674346
1_294,1.93683693693694,3.96156767524563
1_295,1.9011329004329,4.14171309718516
1_296,1.69244825581395,4.17549467841257
1_297,1.75517099056604,4.06184782831203
1_298,1.82562785388128,3.90868424800249
1_299,1.92912553140097,3.76301461802312
1_3,1.90731039694656,4.07809008735867
1_30,1.44802694610778,1.61744644878951
1_300,2.25449396551724,3.6746280097204
1_301,2.48874074074074,3.64678439812807
1_31,1.81788261437908,1.60009309632561
1_32,1.77310224137931,1.61929301056105
1_33,1.70632990123457,1.67421476148797
1_34,1.80144730538922,1.76824572911616
1_35,1.63132702020202,1.8905724470411
1_36,1.73146365979381,2.02638107400204
1_37,2.00628034482759,2.14504338147877
1_38,1.80216491712707,2.22949845027999
1_39,1.85692778827977,2.22967877323949
1_4,1.83799226579521,4.28105761224854
1_40,1.69374022222222,2.14624178531546
1_41,2.31393465608466,1.99151799073376
1_42,1.89860459770115,1.77929316544531
1_43,1.75533790087464,1.55971389815772
1_44,1.81541951754386,1.37201117528509
1_45,1.48727049180328,1.2580292651723
1_46,2.02081409921671,1.2485534092328
1_47,1.85820162100457,1.33482121404659
1_48,1.77988505747126,1.46405441402239
1_49,1.64774556962025,1.72826024737239
1_5,1.69966739130435,4.47683608626927
1_50,1.70856607142857,2.04032141474721
1_51,1.64982846534653,2.29808139971019
1_52,1.81936676870748,2.44876849110474
1_53,1.67255406175772,2.48361707255214
1_54,1.9035191740413,2.34467969790156
1_55,2.03386617647059,2.07009845265264
1_56,1.83892776470588,1.71248624461281
1_57,2.04921495327103,1.31263741672955
1_58,1.60892711864407,0.885936279320763
1_59,1.78832605042017,0.579690941914941
1_6,1.76151711340206,4.62232145193222
1_60,1.99166153846154,0.349314111468191
1_61,1.89913571428571,0.232327234132047
1_62,1.87092526315789,0.216045381875652
1_63,1.87637302405498,0.29037690922817
1_64,1.8185970260223,0.382157815891644
1_65,1.77526995884774,0.507342192796364
1_66,1.76533924050633,0.625710964082939
1_67,1.90753362068966,0.711522393642637
1_68,2.01723287671233,0.785114234121054
1_69,1.87053881578947,0.839449045442963
1_7,1.96387294332724,4.6627373390549
1_70,1.87361266666667,0.870318084305577
1_71,1.73765803680982,0.908486700232883
1_72,1.50994382022472,0.944380339955217
1_73,1.63581168571429,0.971088248444921
1_74,1.74241860465116,0.997488974184393
1_75,1.84756994535519,0.998820710547428
1_76,1.71873947368421,0.986357302198069
1_77,1.79165327868852,0.924393734845272
1_78,1.78652582089552,0.845609174362133
1_79,1.99186094674556,0.724103017387227
1_8,1.87901188340807,4.54861875823815
1_80,2.10694649681529,0.582271110492282
1_81,1.6813231884058,0.478306666850921
1_82,1.74234325842697,0.40312380637561
1_83,1.54549939759036,0.387431320151828
1_84,1.84632320675105,0.418867027520617
1_85,1.76203785310734,0.489918097941949
1_86,1.91301962962963,0.567171484298269
1_87,1.93955332046332,0.646103936586591
1_88,1.84924444444444,0.700523950707845
1_89,1.87038375,0.734351562170967
1_9,2.00532680776014,4.28364641848586
1_90,1.60474868613139,0.720029624075957
1_91,1.7133303030303,0.655596554621567
1_92,1.7035641509434,0.592474328710987
1_93,2.09811647619048,0.529133424961612
1_94,2.01088706896552,0.475239996198079
1_95,1.88114959349594,0.481981313955231
1_96,1.97420731707317,0.496619440522719
1_97,1.66144742268041,0.529911709483129
1_98,1.7816859375,0.568405988993007
1_99,2.15584680851064,0.600765134475268
2_0,2.20741935483871,4.84824706442844
2_1,1.95673004291845,4.91336277866346
2_10,2.12385424802111,4.54014918207003
2_100,1.97783870967742,0.0367789712553616
2_101,2.08492,0.0231826538111242
2_102,2.13186,0.0464970300021994
2_103,1.96705714285714,0.048871635391537
2_104,1.82894736842105,0.0637387899403217
2_105,2.23111111111111,0.0407887455693241
2_106,2.01139204545455,0.0315810749355758
2_107,1.4644196969697,0.0218048055610778
2_108,2.08007692307692,0.0296577495699778
2_109,2.05455882352941,0.0232433004091772
2_11,1.90685470978441,5.29846947730544
2_110,1.96445715481172,0.0413077624514422
2_111,1.7675504950495,0.0527933488827464
2_112,1.88604819277108,0.0669655562661371
2_113,2.17703658536585,0.0620380106891516
2_114,1.61136055045872,0.0525824835127444
2_115,2.0044725,0.0371902516912281
2_116,1.56331176470588,0.0144124408189018
2_117,1.76151666666667,0.0117383429450691
2_118,1.61354573033708,0.0153471918476014
2_119,1.71019166666667,0.0255307198386589
2_12,1.78383417054264,4.97946657052156
2_120,1.78475,0.0527094224417865
2_121,1.79717391304348,0.0706513227693932
2_122,1.6111875,0.0901956230319174
2_123,1.66390909090909,0.0799369031377929
2_124,1.60413043478261,0.09690098536191
2_125,1.78104347826087,0.0834856947262217
2_126,2.12572225,0.0474856355951893
2_127,1.95545416666667,0.027195270198621
2_128,1.94460833333333,0
2_129,1.91329661016949,0.0371241642422539
2_13,1.9189956372549,3.90866962798077
2_130,1.75026578947368,0.0977213816826309
2_131,1.63682564102564,0.130860467052886
2_132,1.30053916666667,0.140644818133482
2_133,1.37430444444444,0.129196462600874
2_134,1.78492063492063,0.0649536231130843
2_135,2.12072222222222,0.0127839147670718
2_136,2.06861654135338,0.0857396707811125
2_137,2.26502080808081,0.160455436711568
2_138,1.97352127659574,0.220499730212115
2_139,1.35084038461538,0.242033635760133
2_14,1.70899598603839,3.16281874623756
2_140,1.85328571428571,0.236026603924995
2_141,1.83110588235294,0.200082151377467
2_142,1.86040759493671,0.126378513125173
2_143,1.9788661971831,0.0419491241022804
2_144,1.50085298013245,0.0413342275304473
2_145,1.81577688172043,0.0707764172977591
2_146,1.858240625,0.0423189068179907
2_147,1.7314026446281,0.0689716216262845
2_148,1.96471830985915,0.317830759660921
2_149,1.55847304964539,0.548632057525239
2_15,1.70161133004926,3.38333378031848
2_150,1.83690425531915,0.747333886360397
2_151,1.55138493150685,0.808316522692605
2_152,2.18301228070175,0.728206504033872
2_153,2.28825299145299,0.498369777084724
2_154,1.76878947368421,0.261282899034249
2_155,2.37734375,0.0664231887780262
2_156,1.43170909090909,0.0656179819518076
2_157,1.8412625,0.0895868701482932
2_158,1.82949666666667,0.0336002311695917
2_159,1.7932786259542,0.0940716073074972
2_16,1.84680525568182,4.45731879040438
2_160,1.61604,0.283044425844393
2_161,2.07310179640719,0.439842802228242
2_162,1.97766666666667,0.605408721518036
2_163,1.80380327868852,0.689953359152915
2_164,2.03217461538462,0.681862347902106
2_165,1.71529207317073,0.587180671578129
2_166,2.3085,0.420800271131856
2_167,2.02221186440678,0.253992003869913
2_168,2.45459722222222,0.0663832838040302
2_169,1.94374390243902,0.0740479809760086
2_17,1.61273405727924,5.6613120090581
2_170,2.0881031496063,0.143111092029647
2_171,1.6475348951049,0.134255018900128
2_172,1.86336,0.0307520096438023
2_173,2.03352239583333,0.108186587243281
2_174,1.6045545112782,0.223990160723121
2_175,1.83052341040462,0.306802580209701
2_176,1.55292785714286,0.355280990690597
2_177,1.64314705882353,0.380571809143252
2_178,1.58040119402985,0.405160119279145
2_179,1.68747202797203,0.452226569818385
2_18,2.02801727793696,6.30606828602152
2_180,1.80755909090909,0.512991217590374
2_181,1.6411567839196,0.567051631718888
2_182,2.01355097087379,0.660213730207579
2_183,1.78846984924623,0.759399851360136
2_184,1.82724749403341,0.880958893023917
2_185,1.73759591981132,1.00703983786659
2_186,1.63546164627151,1.12193105110397
2_187,1.90139655670103,1.14481969089869
2_188,1.75376592592593,0.956839033872087
2_189,1.69467593688363,0.604919740479182
2_19,1.77523085858586,6.258839168801
2_190,1.73020725,0.252803591833433
2_191,1.65700721649485,0.0910499884669762
2_192,1.69332636174497,0.25176360404633
2_193,1.75248938356164,0.72232429715812
2_194,1.82501696202532,1.34233431938141
2_195,1.65797260273973,1.887339633672
2_196,1.76717304189435,2.40145883013044
2_197,1.84297871621622,2.63302040220709
2_198,1.83780296052632,2.34583498576193
2_199,1.71176047516199,1.57140798155146
2_2,2.0694331838565,5.18494889344462
2_20,1.77920508833922,5.39989742454265
2_200,1.91558819444444,0.756269950558851
2_201,2.059046875,0.272592150493819
2_202,2.04406941747573,0.331661993786077
2_203,1.9842647260274,0.781600697103304
2_204,1.80004363192182,1.4910206853589
2_205,1.85957034220532,2.15613840921592
2_206,1.74520085299456,2.48174346408716
2_207,1.85593509513742,2.470173457505
2_208,1.62357384810127,2.17954997910328
2_209,1.7159720411985,1.78926400228363
2_21,1.70114821428571,3.81163660458996
2_210,1.99271848341232,1.39541374017396
2_211,1.76017359735974,1.23541438887138
2_212,1.75743863636364,1.45801376000486
2_213,1.7981423553719,1.97560796490658
2_214,1.78678016085791,2.55915561124703
2_215,1.90799477124183,3.00579020802912
2_216,1.97815559006211,3.02205796021295
2_217,2.01402658362369,2.64178446797802
2_218,2.021195,2.07072083977616
2_219,1.60982873563218,1.7022432014704
2_22,1.75125209150327,2.16294593235987
2_220,1.98073761363636,1.73855337517874
2_221,1.8946386996904,2.09513984489134
2_222,1.5213594017094,2.77479600827352
2_223,1.77746546468401,3.29881065348812
2_224,2.03647109792285,3.45054389071591
2_225,1.66632831858407,3.21894942854869
2_226,1.78310888157895,2.72354700928601
2_227,1.98144639175258,2.28879080452047
2_228,2.22276990291262,2.06776745650118
2_229,1.97222358730159,2.10546578918873
2_23,1.68979565723794,0.910394661200208
2_230,1.80194608294931,2.42386009775885
2_231,2.2225938028169,3.02314076842743
2_232,2.03651313679245,3.86957240179132
2_233,2.04244635294118,4.76564508442508
2_234,1.83399388489209,5.53021199145968
2_235,2.08047675324675,5.87647526147245
2_236,1.79106028871391,5.90608712594781
2_237,1.95057042253521,5.91802732422526
2_24,1.69011104972376,0.190444751977444
2_25,1.87450804597701,0.0376680465727742
2_26,2.414453125,0.30166980796748
2_27,1.84655905172414,0.905826677438294
2_28,1.84230217983651,1.50206699881491
2_29,1.71101830065359,1.88328855556537
2_3,1.85437808806818,5.52240115351825
2_30,1.62373924914676,1.81973202912389
2_31,1.95318827361564,1.46759332787845
2_32,1.88239674418605,0.849189465198116
2_33,1.76651290322581,0.270832539225575
2_34,1.78400841836735,0.092332693159983
2_35,1.96956117647059,0.170213800691798
2_36,1.94707167381974,0.0447073734753458
2_37,1.89832900900901,0.339395694652494
2_38,1.79390411214953,0.696854399241837
2_39,1.83347067137809,0.991338596710093
2_4,1.74986209019868,5.44684677285136
2_40,1.681861875,1.10200856655716
2_41,1.76877072368421,1.11312788936913
2_42,1.57695066225166,1.13022193078562
2_43,1.60938294930876,1.16664188843186
2_44,1.68543365795724,1.19903320059825
2_45,1.7796625,1.17545515302747
2_46,1.78042461538462,1.04806399889359
2_47,2.10084850746269,0.843316000789845
2_48,1.6350545112782,0.591573413184985
2_49,2.2191278440367,0.341371882563518
2_5,1.76534327808471,4.65903392946682
2_50,1.89906844106464,0.184662355142648
2_51,1.72556247191011,0.126967466702787
2_52,2.13675828054299,0.147755072748266
2_53,1.83068550724638,0.155906331476044
2_54,1.84196737288136,0.149957155098544
2_55,1.91054972375691,0.142395374998215
2_56,1.80750367454068,0.179731054942656
2_57,1.68589857142857,0.259592460604248
2_58,1.81896928104575,0.401177197910999
2_59,1.80730103626943,0.554024578171848
2_6,1.77909043659044,3.41907209445212
2_60,1.58725794392523,0.68582658313716
2_61,1.70943618090452,0.81829009697243
2_62,1.42857206703911,0.936741925446099
2_63,1.70678145454545,1.00045326658199
2_64,1.77378776978417,0.990085360397328
2_65,1.52459754098361,0.925041203817028
2_66,1.7465,0.817607099601179
2_67,2.25117073170732,0.72070917783099
2_68,1.604078125,0.594552753408098
2_69,1.88136263736264,0.456470030891923
2_7,1.82955765595463,2.4439329650988
2_70,1.82874454545455,0.307785432515491
2_71,1.78696349206349,0.199403650150291
2_72,1.62588957575758,0.131847557853615
2_73,2.41505769230769,0.107050526064131
2_74,1.6605,0.104820484438375
2_75,1.94333333333333,0.124104893455836
2_77,2.0925,0.127758519363938
2_78,2.431571875,0.0671833062920551
2_79,1.45845592592593,0.0409859162145617
2_8,2.02721680672269,2.3191862969221
2_80,1.452,0.136939248043771
2_81,2.42628356164384,0.202269463379121
2_82,2.19362790697674,0.207298997709342
2_83,1.44040182926829,0.144454842900214
2_84,2.16731203703704,0.056005654330874
2_85,1.80674418604651,0.0310868587558222
2_86,1.81303703703704,0.105549066242598
2_87,2.58217796610169,0.169414762350625
2_88,1.67998148148148,0.196806809515605
2_89,1.934325,0.228812357087581
2_9,1.88414461538462,3.257283144364
2_90,0.7435,0
2_92,1.878,0.126000126000114
2_93,3.0953,0.0504905153566922
2_95,1.91919047619048,0.114360024963195
2_97,1.96175,0.174283260092922
2_98,2.41213333333333,0.135872466221121
2_99,1.63929411764706,0.0812470886459933
3_0,1.7094,6.38367106683994
3_1,2.09296834532374,6.36667549140767
3_10,1.77349986702128,4.67129368268411
3_100,1.26810413793103,0.0224404682428059
3_101,1.98661111111111,0
3_102,1.548798,0.0218923770742984
3_103,2.30311111111111,0.0532968356602853
3_104,2.19,0
3_105,3.35888888888889,0.107158165452219
3_106,1.99555555555556,0.130346232179246
3_107,2.16490909090909,0.159367840897778
3_108,1.76687570416667,0.19278698216614
3_109,1.67703125,0.21565147676863
3_11,1.76016209125475,4.34660953776424
3_110,1.595872,0.251114169655117
3_111,1.9712953125,0.268563690395651
3_112,1.79309433962264,0.290262207734357
3_113,2.0075776119403,0.303696678800728
3_114,1.69008208955224,0.308921203027429
3_115,1.687,0.323182135615661
3_116,2.38447826086957,0.305062040334512
3_117,1.68470833333333,0.307695600755599
3_118,1.82592142857143,0.306756195653485
3_119,1.6676,0.288079832683233
3_12,2.10353787878788,3.98899127547439
3_120,2.01953928571429,0.282924357600954
3_121,2.23550602409639,0.273613681559642
3_122,2.19876149425287,0.255276783852902
3_123,2.01422608695652,0.242448821257911
3_124,2.15717192982456,0.226798209628253
3_125,1.58248790322581,0.208168966586802
3_126,1.67193333333333,0.19914723059572
3_127,2.03414404761905,0.176020244398934
3_128,1.69393304347826,0.176327372111785
3_129,1.76412967741935,0.187325346662085
3_13,1.75016533864542,3.62767318741793
3_130,1.93714673913043,0.208294278156164
3_131,1.65598367346939,0.241564920572408
3_132,1.77875975609756,0.270163833583225
3_133,1.78353936651584,0.327233254120309
3_134,2.2591320754717,0.362469869692087
3_135,1.84376321243523,0.419334934793411
3_136,1.81682978723404,0.445699166107727
3_137,1.62005308641975,0.462184571868163
3_138,1.89369587628866,0.482221903176415
3_139,2.05850588235294,0.502247898703373
3_14,1.67217990074442,3.26640466735224
3_140,1.7371452991453,0.529355270487942
3_141,1.96058184563758,0.549695077797706
3_142,1.99652023346303,0.578737852179011
3_143,2.29451450381679,0.61107742350956
3_144,2.43914516129032,0.641445522155153
3_145,1.84650080645161,0.682374514428496
3_146,2.18972413793103,0.711848319811993
3_147,1.9029343902439,0.751142128422884
3_148,2.03529605263158,0.784807912657609
3_149,2.19745186567164,0.795738428450235
3_15,1.7720366255144,2.8936445956439
3_150,1.72842045454545,0.814427124042905
3_151,1.82585131578947,0.812745988898688
3_152,1.74513918918919,0.838600908738435
3_153,2.03261818181818,0.856222653016869
3_154,1.74162598870056,0.8711424317876
3_155,1.83072546583851,0.893427735360392
3_156,1.94641398477157,0.926624571436147
3_157,1.63024744186047,0.944627742692506
3_158,1.59678308943089,0.966045106875371
3_159,1.86998689324324,0.993571697949923
3_16,2.17033801652893,2.57704131211128
3_160,1.53149764705882,1.00932277806
3_161,1.7221335106383,1.01599973809784
3_162,1.82843298429319,1.03274013194106
3_163,1.80106117647059,1.03633168621679
3_164,1.85264421052632,1.04329442571227
3_165,1.89573251028807,1.06560761663536
3_166,1.79516358490566,1.09042275022419
3_167,1.68254792079208,1.12370305938561
3_168,1.79642244224422,1.18302798477345
3_169,1.61608541666667,1.22526138909635
3_17,2.00602257352941,2.27682342702355
3_170,1.67724195061728,1.28657944474909
3_171,1.94828407801418,1.34921672779655
3_172,1.76770230985915,1.41255933721161
3_173,1.86596169014085,1.47138270444534
3_174,2.13718139534884,1.52650046631453
3_175,1.60588086419753,1.59606843083843
3_176,1.79027885809199,1.67517165274529
3_177,1.71473147321429,1.75683220939823
3_178,1.97122036082474,1.84662523538773
3_179,1.74867233333333,1.92274476703827
3_18,1.70733409090909,2.00218718459698
3_180,1.86392859237537,2.01197173229767
3_181,1.61550964630225,2.06981578639503
3_182,1.72260566502463,2.10632783619078
3_183,1.79730126582278,2.12266090547602
3_184,1.77348883248731,2.11220889745998
3_185,1.75321157894737,2.06592709679589
3_186,1.88973333333333,2.00153375957757
3_187,1.99514009324009,1.94534134219861
3_188,1.72147857142857,1.87922975367819
3_189,1.62874057507987,1.80199441076311
3_19,1.98065418502203,1.74780263671865
3_190,1.69892346938776,1.76261036223766
3_191,1.84618305647841,1.72455070381956
3_192,1.79574043269231,1.69515015250627
3_193,1.62907692307692,1.69977384364963
3_194,1.8746729216152,1.7087449649163
3_195,1.92846407079646,1.73486304882663
3_196,1.63991774530271,1.76688550173419
3_197,1.7336356,1.80512919254931
3_198,1.8647619047619,1.82293249073343
3_199,1.84262965686275,1.8460632183312
3_2,2.01414085257549,6.35354959935837
3_20,1.56107441176471,1.54442627995757
3_200,1.85274155583756,1.85768819831092
3_201,1.72463925925926,1.86792778785525
3_202,1.77680549261084,1.87507791001092
3_203,1.65528663366337,1.87983273666051
3_204,2.0449248015873,1.92013274586171
3_205,1.75399898580122,1.98710904178528
3_206,2.33882604166667,2.07682999451124
3_207,1.78173634311512,2.20581489914583
3_208,1.8157015625,2.37997290492386
3_209,1.49365631469979,2.5809579638227
3_21,1.72900717299578,1.33660908639587
3_210,1.76646732394366,2.76357139150897
3_211,1.57517288732394,2.91617129141523
3_212,1.82280155844156,3.00229105865957
3_213,1.60920106382979,3.03068283852729
3_214,1.83195411140584,3.01102905798248
3_215,1.67699711934156,3.00955086319391
3_216,1.98797,3.01242625831555
3_217,1.81915765306122,3.03728905078389
3_218,1.85513600600601,3.05836611288018
3_219,1.76787255639098,3.05749731062947
3_22,1.85855575221239,1.17770485851875
3_220,1.91240524861878,3.03146593517887
3_221,1.92238078817734,2.97731882800736
3_222,2.05730152173913,2.90493523013715
3_223,1.70529833333333,2.84915730693499
3_224,1.91461154598826,2.78898093332365
3_225,1.71401226611227,2.75064062317859
3_226,1.96161966873706,2.70309233763427
3_227,1.90649573283859,2.66342176503538
3_228,2.1617486381323,2.62804247559308
3_229,1.91256886792453,2.58887415545871
3_23,1.78689804878049,1.00598238460634
3_230,2.187724826546,2.57049225464435
3_231,1.8576980952381,2.54973113995748
3_232,1.68955393700787,2.5303084767342
3_24,1.88466949367089,0.877290335537142
3_25,1.94548480314961,0.752541632046319
3_26,1.64655705128205,0.657572174314316
3_28,1.73782765957447,0.51327576090215
3_29,1.80742669491525,0.472160640030226
3_3,1.6902658747698,6.31253480438178
3_30,1.75768253968254,0.442299904214437
3_31,1.73228,0.411011828920428
3_32,1.81624710963455,0.397867002738835
3_33,1.5903472,0.382382698939756
3_34,1.7887818627451,0.38260631421241
3_35,2.00030125,0.362525716668026
3_36,1.75890762711864,0.340906977849309
3_37,2.0119375,0.33554553712452
3_38,1.72528,0.30128540404783
3_39,1.78521904761905,0.277885844495087
3_4,1.92984680306905,6.20081087526831
3_40,1.7863,0.255130129794093
3_41,1.69875027906977,0.230946154903983
3_42,2.10163379310345,0.205105966532567
3_43,1.66173181818182,0.182201218470645
3_44,1.88217117647059,0.176719619964454
3_45,2.0059106504065,0.157636355447463
3_46,1.64068235294118,0.141317865187115
3_47,1.99249565217391,0.141865675498481
3_48,1.73898861516035,0.12453157965196
3_49,2.02639642857143,0.113847110161889
3_5,1.74433854875283,6.03577568862713
3_50,1.97194805194805,0.113764607375597
3_51,2.11885543478261,0.100393878650576
3_52,1.52900789473684,0.113895772351627
3_53,2.1436875,0.10353212796055
3_54,1.61372911392405,0.109127893526091
3_55,1.54330952380952,0.100193484751669
3_56,1.81410833333333,0.103757965276667
3_57,1.77277338797814,0.103235515770376
3_58,2.48443025423729,0.107903706732116
3_59,1.88811235955056,0.106625608698953
3_6,1.63543765375854,5.82151717180919
3_60,1.86654615384615,0.102468815323874
3_61,1.71537516666667,0.0951391052642656
3_64,1.61071111111111,0.0858534910175767
3_65,1.79011111111111,0.082763557963988
3_66,1.97244333333333,0.0940807526460247
3_67,2.04331428571429,0.0855539941951749
3_68,2.13666220472441,0.0966976375385857
3_69,1.58139393939394,0.0971459727529985
3_7,1.78395479452055,5.56520865871149
3_70,1.32635294117647,0.100816614578062
3_71,1.1724,0.113334261594916
3_72,0.7421,0.127279901230801
3_73,2.69,0.130477897044184
3_74,3.9025,0.114603110328419
3_75,2.915,0.117678901349754
3_76,1.68372727272727,0.113931549924809
3_77,1.54666666666667,0.0842933408260779
3_78,1.985,0.100720149065801
3_79,1.6615,0.108337666840062
3_8,1.65070952380952,5.30912316312868
3_80,1.86266666666667,0.0832610350012692
3_81,1.4240625,0.0646240303164214
3_82,1.60064285714286,0.0575006756329272
3_83,3.65857142857143,0
3_84,2.203875,0
3_85,2.0125,0
3_86,1.29524653465347,0.0185954485780156
3_87,1.88469708029197,0.052283098338231
3_88,2.04908205128205,0.0721125367645241
3_89,1.84403193277311,0.0843195203905662
3_9,1.90613098786828,5.00964600304907
3_90,1.49828863636364,0.10410810585711
3_91,1.65362068965517,0.113467737970218
3_92,1.84372916666667,0.111152278621716
3_93,1.76359912280702,0.11005652503125
3_94,2.08497368421053,0.104998120533636
3_95,2.2773064516129,0.105171824468229
3_96,1.798,0.109689113629712
3_97,1.79222727272727,0.0756182548516844
3_98,1.71595909090909,0.05064868300761
3_99,1.91532394366197,0.04602239910165
4_0,1.86457142857143,1.23468133736088
4_1,1.75176436781609,1.66241035222702
4_10,1.58585825581395,1.23536894683128
4_100,1.81,0.113436989533551
4_101,1.21333333333333,0.0792776223055924
4_102,2.52555555555556,0.032804739628775
4_103,1.7805,0
4_104,2.73978571428571,0.0580810317514571
4_108,2.12844444444444,0.179449806892076
4_109,1.81021428571429,0.195844186365325
4_11,1.66854099722992,2.00646038442527
4_110,2.1984358974359,0.202341427552503
4_111,1.34948695652174,0.185547690395116
4_112,2.35235416666667,0.147743767983157
4_113,2.30850704225352,0.0360434828577209
4_114,1.69829545454545,0.0845733906740754
4_115,1.875,0.188340863480056
4_116,0.268,0
4_117,1.406,0.213071208397855
4_118,2.16782857142857,0.14265701544404
4_119,1.82404411764706,0.096350252437665
4_12,1.83106435643564,3.07074044432652
4_120,1.64933333333333,0.0267905102654484
4_121,1.83056578947368,0.0914970751435014
4_122,2.42154761904762,0.142343610907019
4_123,2.05120588235294,0.151860519150362
4_124,1.85803646616541,0.131156284735927
4_125,2.18534545454545,0.0750183527041516
4_126,1.88543553299492,0.0316359253349843
4_127,1.845625,0
4_128,1.86254507042254,0.0330812541765018
4_129,2.05402,0.053615565671034
4_13,2.02569718309859,3.75329644027521
4_130,2.01202972972973,0.0715689829570422
4_131,2.05849473684211,0.0811695841334256
4_132,1.91772181818182,0.0662256041430606
4_133,1.90481403508772,0.0547069893649737
4_134,2.06837121212121,0.0175149139492367
4_135,1.76712121212121,0.0326763214304321
4_136,1.59277974683544,0.0617257279006559
4_137,2.10674576271186,0.0888859918639512
4_138,1.99582689655172,0.0651289009497835
4_139,1.99907843137255,0.0227616479888493
4_14,1.99142275132275,3.5271852429649
4_140,1.9537616,0.0634820541523107
4_141,2.057192,0.162817171241609
4_142,1.74587301587302,0.272055172789052
4_143,1.82836761363636,0.358448634310706
4_144,1.79878728070175,0.455155546879507
4_145,1.92592616,0.526942815249276
4_146,1.92643835616438,0.572039694580538
4_147,1.56666216216216,0.579749355028849
4_148,1.629464,0.547457583685297
4_149,1.95955555555556,0.492189333878537
4_15,1.55948920454545,2.71561666487091
4_150,2.01361747572816,0.443590591232328
4_151,1.65727553571429,0.428307854507117
4_152,1.74747558685446,0.44259264596293
4_153,1.69103892857143,0.552299714645139
4_154,1.88244539473684,0.748396641542953
4_155,1.83943401360544,1.12083904247602
4_156,1.83024436363636,1.60220664695848
4_157,1.7485284789644,2.03407275268014
4_158,1.96566912751678,2.30199569959057
4_159,1.9183868852459,2.30450875950907
4_16,1.60048062015504,1.72221350215386
4_160,1.75832716346154,2.04232695601433
4_161,1.96502820512821,1.68879739454902
4_162,1.97786956521739,1.36663160959495
4_163,1.7752009486166,0.97289123181776
4_164,1.62204738738739,0.698179328486623
4_165,2.20592,0.481593905854062
4_166,2.37351012658228,0.404915194085384
4_167,1.79004848484848,0.419232594735339
4_168,2.543,0.593730208993056
4_169,2.07804204545455,0.798108376732693
4_17,1.74642424242424,1.48031234590499
4_170,2.07498034188034,1.13029853361913
4_171,1.95340246305419,1.48579833334044
4_172,2.04814126582278,1.78102513200221
4_173,1.90860406153846,1.94408558993592
4_174,1.91610164609053,2.00778285720452
4_175,1.85988806584362,2.06595591890844
4_176,1.89623193717277,2.16959441951526
4_177,1.55108238754325,2.30943701646163
4_178,1.85132090909091,2.51118346315029
4_179,1.42218141025641,2.650311112327
4_18,1.48259393939394,1.87255397636837
4_180,1.63545079872204,2.80938178054842
4_181,1.54412326732673,2.73344975025731
4_182,1.89853028846154,2.46988468325969
4_183,2.51277053571429,1.98943911304736
4_184,1.94151730769231,1.50168654934181
4_185,1.70723057324841,1.04262438034938
4_186,1.92595279187817,0.797153141294374
4_187,1.85122874493927,0.838786307279529
4_188,1.76876406926407,1.12653780694012
4_189,1.74109440559441,1.48360969400808
4_19,2.06439079497908,2.62053666451676
4_190,1.44812765957447,1.8289517780477
4_191,1.88070056497175,2.01186778452003
4_192,1.93929583333333,1.9441909195483
4_193,1.8235,1.45649281191667
4_194,1.82055512820513,0.900744986949305
4_195,2.00322233009709,0.356603843039096
4_196,1.80553526785714,0.0533375434434413
4_197,1.9614429787234,0.0567596162141919
4_198,1.78911584507042,0.34171289282743
4_199,1.73540126582278,1.0149065829806
4_2,1.85090366666667,4.14118051252477
4_20,1.69894444444444,3.02295703331647
4_200,1.82080925531915,1.71743640480502
4_201,1.9398323699422,2.10740305147703
4_202,1.69928099173554,1.99822269881693
4_203,1.89819122807018,1.5533377344569
4_204,1.92987301587302,0.984840659987357
4_205,1.79571641791045,0.328728216276849
4_206,1.58415384615385,0.195797969472003
4_207,1.7312734939759,0.469536761155815
4_208,1.73016144578313,0.553936713253094
4_209,1.56606666666667,0.465217066610509
4_21,1.81869761904762,2.86965017137293
4_210,1.85173875,0.194039353606399
4_211,1.34506017699115,0.122652106498829
4_212,1.78177855932203,0.383915191895677
4_213,2.21096565656566,0.532648327484253
4_214,1.57343833333333,0.609617456807787
4_215,1.59172072072072,0.650602384352808
4_216,1.69623217391304,0.672478511254824
4_217,1.85564347826087,0.683913923645751
4_218,1.73134408602151,0.658807728027173
4_219,1.84492142857143,0.552383263003742
4_22,1.83946368715084,2.1954451830602
4_220,1.77857462686567,0.369499082410597
4_221,1.74105454545455,0.190914789426298
4_222,2.16466,0.0929845242756505
4_223,1.80947931034483,0.153225707596323
4_224,1.85709425287356,0.311222549832844
4_225,1.6161646875,0.715903396222979
4_226,1.60332848484848,1.08698037895901
4_227,1.89708284023669,1.37204023480548
4_228,1.75918651685393,1.49953852229984
4_229,1.84219723183391,1.37325386155524
4_23,1.89721354166667,1.19949887602513
4_230,1.82157112970711,0.964925946959235
4_231,1.99245409148265,0.446179587283868
4_232,1.78407751937985,0.198369622116898
4_233,1.96630747093023,0.780430173111426
4_234,1.76344004514673,2.39146431199412
4_235,1.70959711458333,4.71563185321224
4_236,1.9579691680261,7.10153056110621
4_237,1.74786757446809,8.54150689839613
4_238,2.13056158008658,8.84690930562306
4_239,1.81043862362972,8.26580981652231
4_24,1.865072,0.311883542685163
4_240,2.01513687943262,7.68116195031684
4_241,2.43012068965517,7.51243924185338
4_25,1.94516343283582,0.128771241401592
4_26,1.5030191011236,0.0500944781858699
4_27,1.76835879396985,0.366869772760857
4_28,2.11554352331606,0.695147533852008
4_29,2.02941642857143,0.749334965218377
4_3,1.77684297945205,8.26580009749934
4_30,1.71878932038835,0.585297965439246
4_31,2.03551287128713,0.33063979982122
4_32,1.54695,0.0511619911428332
4_33,1.98768034246575,0.0965270635073038
4_34,1.99127338129496,0.517979436216384
4_35,1.84948696551724,1.10752055681212
4_36,1.81869602649007,1.68409337199426
4_37,1.86328389513109,1.70129872891718
4_38,1.85535245901639,1.25409455055024
4_39,1.942,0.534270411254664
4_4,1.77954750957854,11.1949764340611
4_40,1.90114787234043,0.153137011684349
4_41,2.832,0.489255027677858
4_42,1.83409307086614,0.402361651122811
4_43,2.513575,0.0457648624250938
4_44,1.9153829787234,0.338377533156542
4_45,1.76690769230769,0.756661049359165
4_46,1.39802,0.970672740920965
4_47,1.1289,0.794007887145011
4_48,1.84624545454545,0.556918173944862
4_49,2.8695,0.0624009385101028
4_5,1.6682135042735,11.2235379998378
4_50,2.20684210526316,0.187701459122887
4_51,1.55020833333333,0.469006680876741
4_52,1.2128,0.529209504030581
4_53,2.3906875,0.347424759682632
4_54,2.09925396825397,0.0450778042902066
4_55,2.12716981132075,0.463807201002725
4_56,1.95577192982456,1.05027165680354
4_57,2.11503555555556,1.3933682468369
4_58,2.21363375,1.50799751107207
4_59,1.88709677419355,1.46549510562212
4_6,1.81060508474576,8.73770458139105
4_60,1.72881891891892,1.16108282584338
4_61,1.62029150943396,0.789471343302163
4_62,1.72332608695652,0.3433368334616
4_63,1.90761842105263,0.0462884208358141
4_64,1.33683333333333,0.244909954773266
4_65,2.59561538461538,0.251274800822851
4_66,1.64425,0.0851852850938561
4_67,1.99578431372549,0.235076137955499
4_68,1.63962262773723,0.506398283427578
4_69,1.61520833333333,0.616844602609739
4_7,1.5745039408867,5.53415799382515
4_70,2.18126388888889,0.506358696710626
4_71,1.8851432231405,0.219319509278367
4_72,2.4205,0.0800002133338863
4_73,2.05674418604651,0.341074091037537
4_74,2.00859078947368,0.411645449774109
4_75,1.94451162790698,0.350297753090128
4_76,1.77140979020979,0.15900544366494
4_77,1.70210098039216,0.147067308181818
4_78,1.76940275229358,0.416191873064358
4_79,1.79659782608696,0.664288086743157
4_8,2.13948181818182,3.04811669932506
4_80,1.89720608695652,0.8301711360062
4_81,1.79,0.871551922705784
4_82,1.65212808641975,0.711835889471315
4_83,1.71545508474576,0.398999357973758
4_84,2.32130201342282,0.0810381801255872
4_85,2.38354838709677,0.290503442465781
4_86,2.25658064516129,0.47082057664067
4_87,2.10815094339623,0.556084678552721
4_88,2.95293333333333,0.564166680315865
4_89,2.14679310344828,0.445573229960319
4_9,1.79554838709677,1.27139413385439
4_90,1.38366666666667,0.316285542587835
4_91,1.50842857142857,0.0513422797255835
4_92,1.87142857142857,0.114352722010611
4_93,1.66221538461538,0.247962446087535
4_94,2.85175,0.331310681622036
4_95,2.08170666666667,0.360864676873883
4_96,1.6596,0.332803525422164
4_97,1.45492380952381,0.302794031929624
4_98,1.15066666666667,0
4_99,2.456,0.164662876284094
5_0,1.90329310344828,4.29857445696561
5_1,1.96228581314879,4.39287998672745
5_10,1.72946798029557,3.5630124397394
5_100,1.97360975609756,0.34976473178189
5_101,2.26188888888889,0.246683139618555
5_102,1.52328571428571,0.12269742936615
5_103,1.6652,0.0603782698606651
5_104,2.0115,0.0430841346982302
5_105,1.572,0.105591682995656
5_106,2.068625,0.17751469741006
5_107,1.3325,0.252034478316603
5_108,2.0574,0.279631892576616
5_11,2.04218233830846,4.37309118096638
5_110,1.68066363636364,0.322836063846775
5_111,1.67204680851064,0.320899048479001
5_112,1.89572413793103,0.312700699727939
5_113,1.54046875,0.298172352564957
5_114,1.91816666666667,0.254384313645669
5_115,2.55333333333333,0.217981614807803
5_118,3.805,0.123446121940084
5_119,2.8525,0.0650730987809664
5_12,1.88794463350785,4.81986191379138
5_120,1.83941666666667,0.0113339876822119
5_121,2.704,0.0464323689329884
5_122,1.5625,0.0734328383260747
5_123,1.742125,0.14737560884549
5_124,2.17239285714286,0.185828933317135
5_125,2.4362,0.228796302651741
5_126,2.021375,0.262357474302095
5_127,1.44161764705882,0.323054806247881
5_128,1.06046086956522,0.373072120670186
5_129,1.98463636363636,0.387074923189812
5_13,1.74512970822281,4.59039509245035
5_130,1.94738095238095,0.380211270729435
5_131,1.77014925373134,0.343983980770251
5_132,1.79051208791209,0.256344800846802
5_133,1.42761153846154,0.153536089681459
5_134,1.98628421052632,0.0303102557781462
5_135,1.76721568627451,0.157819813962009
5_136,2.15238666666667,0.315939932192761
5_137,2.09067927927928,0.324775317075909
5_138,1.63732602739726,0.167649465086446
5_139,1.78275362318841,0.0263810478552156
5_14,1.68816290630975,3.84991689312733
5_140,1.80519024390244,0.10482412259298
5_141,1.37881362318841,0.0948816757730392
5_142,1.65331168831169,0.113424980717758
5_143,1.55411940298507,0.194490568423011
5_144,1.88427773109244,0.137329730208121
5_145,2.16340121951219,0.102747256134534
5_146,1.72369848484848,0.465663792907391
5_147,2.13181339285714,0.895250929411826
5_148,2.11404761904762,1.15817054921364
5_149,2.03852941176471,1.29901979997334
5_15,1.75091661328125,3.11047491438391
5_150,1.88889655172414,1.2449087928143
5_151,1.53601648351648,1.00768866451021
5_152,1.78378212290503,0.612240092306963
5_153,1.821732,0.280977171166797
5_154,1.734,0.0428313675520334
5_155,1.91149933962264,0.0976040642332499
5_156,2.11897304526749,0.0836468346992147
5_157,2.045725,0.06020614584337
5_158,2.21706489361702,0.170067176534719
5_159,1.79704549763033,0.231968654708345
5_16,1.8215561969112,2.51772679819946
5_160,1.64867702702703,0.203356451751004
5_161,1.92204206008584,0.100343285529053
5_162,2.61125,0.0393225510898167
5_163,1.73486117216117,0.0332535985935957
5_164,2.05822047244094,0.137738675298279
5_165,1.6561105,0.438874775233412
5_166,1.60542818791946,0.93750185423627
5_167,1.68088831168831,1.36417917339137
5_168,1.742310375,1.75157472217764
5_169,1.75076330645161,1.92629707590257
5_17,1.85332282958199,1.95661110793104
5_170,1.80885267175573,1.91525361235264
5_171,1.70313731092437,1.79040274821044
5_172,1.91013012048193,1.60208082026538
5_173,1.94791395498392,1.48758880048974
5_174,1.772578062954,1.44976501200154
5_175,1.80960565656566,1.44415498170928
5_176,1.77232868421053,1.41070926714756
5_177,1.81495314285714,1.30833844183223
5_178,1.676260546875,1.16181126376021
5_179,1.67265472440945,0.952783275094948
5_18,1.68736259541985,1.39384712621165
5_180,1.84370984340045,0.779293937427137
5_181,2.03241498871332,0.730166843123659
5_182,1.77892924528302,0.967094349087049
5_183,1.7461641025641,1.4633083221769
5_184,1.71195030927835,1.98894628036909
5_185,1.81081428571429,2.44468646395139
5_186,1.75407155555556,2.71943098666175
5_187,1.67232817955112,2.7822321595686
5_188,1.614725,2.579403641878
5_189,1.67380272232305,2.20232651325831
5_19,1.88141052631579,0.897186633819075
5_190,1.61802870813397,1.73024713172215
5_191,1.72507470588235,1.33898537566703
5_192,1.62232389558233,1.13606157233128
5_193,1.920548125,1.13236034222447
5_194,1.77881646346555,1.23010391556744
5_195,1.65794344473008,1.33648196988821
5_196,1.60968608856089,1.42814869655725
5_197,1.67197678571429,1.55182621247053
5_198,1.69258909090909,1.6898692339425
5_199,1.74787592493298,1.9905316361144
5_2,1.77105654205607,4.96317182644723
5_20,1.7185618705036,0.443719816733389
5_200,1.87427293838863,2.38984856594023
5_201,1.64861106017192,2.83880562549587
5_202,1.81872603648425,3.22078421182496
5_203,1.781290625,3.40226188658229
5_204,1.92462395411606,3.44585955811054
5_205,1.81174794050343,3.4172804549865
5_206,1.83975798561151,3.41029827152815
5_207,1.71823126436782,3.41266905694812
5_208,1.87305456735751,3.41669496005261
5_209,1.63919173076923,3.41087460690755
5_21,1.65964197640118,0.222585387855036
5_210,1.78047456521739,3.40533427150976
5_211,1.70249384272997,3.41928899830614
5_212,1.80470382317802,3.41386128985202
5_213,1.86824048109966,3.41679380116752
5_214,1.86726504723347,3.4207007165903
5_215,1.95289533560865,3.4137551306437
5_216,1.90935787037037,3.41567685493292
5_217,2.26427682926829,3.40614700362777
5_218,2.29703448275862,3.42649825315779
5_22,1.66858202247191,0.230047886283712
5_23,1.71838347107438,0.314151915488943
5_24,2.08760867768595,0.382919656010508
5_25,1.92963562753036,0.376295039719472
5_26,2.445488046875,0.26710999803407
5_27,1.76686554621849,0.0939210757719999
5_28,2.04375462555066,0.021371494273519
5_29,1.95664705882353,0.111545173316416
5_3,1.84241225895317,6.22567455900619
5_30,1.80049315068493,0.489554835264806
5_31,2.01101885245902,0.895005867260688
5_32,1.81310843450479,1.13275822470806
5_33,1.85563833333333,0.972417271035307
5_34,2.08169191919192,0.481581277999249
5_35,1.89186666666667,0.045085764395312
5_36,1.96414285714286,0.211331600414209
5_37,1.71675733333333,0.179415643249931
5_38,1.67778863636364,0.168303090562611
5_39,1.95979733333333,0.681919888619737
5_4,1.71909461355529,7.69166055740503
5_40,2.05949545454545,1.03249065899627
5_41,1.92042857142857,1.13660198190576
5_42,2.07482142857143,0.984589041095892
5_43,1.67224125,0.63313662433384
5_44,1.91257166666667,0.221539785908164
5_45,1.65286363636364,0.0904794506087793
5_46,1.66957647058824,0.210316602966228
5_47,2.08282857142857,0.197394393999206
5_48,1.71927407407407,0.0754435542105127
5_49,1.79148928571429,0.0929854437929658
5_5,1.78572471649485,8.36154853466877
5_50,1.67238823529412,0.395383742732931
5_51,1.51940612244898,0.542716295056764
5_52,2.05872727272727,0.66352245492692
5_53,1.63216284210526,0.732868149973025
5_54,1.392,0.75194565939368
5_55,2.10804320987654,0.71805778042005
5_56,1.93958070175439,0.644125840718424
5_57,2.18119760479042,0.534645768278751
5_58,1.87638655462185,0.398840423946374
5_59,1.794175,0.247958731401813
5_6,1.7445501510574,7.48357006571974
5_60,1.69896111111111,0.117000390781315
5_61,1.80431683673469,0.0218455324247733
5_62,1.74434394594595,0
5_63,1.72532068965517,0.0243324099183721
5_64,2.19567272727273,0.0914803231542396
5_65,2.0920123655914,0.22375730785151
5_66,2.35273469387755,0.333074853368993
5_67,2.80328064516129,0.394187054897117
5_68,1.95203173076923,0.402591382803477
5_69,1.9952324,0.358611960763636
5_7,1.88773447595561,5.65040790514
5_70,1.93963858695652,0.3003794338394
5_71,1.91031780104712,0.216830634795767
5_72,1.82408602150538,0.137263649154124
5_73,2.15109591836735,0.0905088771106876
5_74,1.59051587301587,0.0946371493398024
5_75,1.66015572519084,0.101625901506438
5_76,1.8472615,0.180778214055857
5_77,2.07060583657588,0.266296549968417
5_78,1.9085354368932,0.349755928654451
5_79,2.09933333333333,0.444979981755815
5_8,1.8713903286385,3.81972920775343
5_80,1.7693428125,0.485708532381079
5_81,1.91008974358974,0.509263370122172
5_82,1.7675025,0.511517922126503
5_83,1.76528849557522,0.473402660522954
5_84,1.61684516129032,0.40242086637554
5_85,1.7887632,0.293293054420525
5_86,1.76513805970149,0.156654691285828
5_87,1.66248818181818,0.0332995343060061
5_88,1.72414146341463,0.041098649087406
5_89,1.63826981981982,0.111527480371157
5_9,1.92954005763689,3.15970352132543
5_90,2.0046376146789,0.122819568841894
5_91,1.91825806451613,0.102224519118829
5_92,1.89993648648649,0.0381750299674
5_93,1.7001809375,0.0925371437485308
5_94,1.8917869047619,0.22556851321349
5_95,1.92717021276596,0.362296476599687
5_96,1.628,0.449253677328537
5_97,1.89542857142857,0.487348993480995
5_98,2.18060869565217,0.488441601090782
5_99,2.47732258064516,0.436086900963658
6_0,2.34428571428571,0.5628016264967
6_1,1.74008695652174,0.593770993006309
6_10,1.92571428571429,0.424581574857978
6_100,1.85394301886792,0.219480664850833
6_101,1.43475609756098,0.377584430575702
6_102,1.79323876404494,0.138571920425603
6_103,1.76687367245658,1.51524302696815
6_104,2.16562134146341,2.9706121582912
6_105,1.79309527777778,3.25752945570609
6_106,1.641934,2.04349970998817
6_107,1.68488,0.454129573852817
6_108,1.91268879310345,0.0554050385342011
6_109,1.61629387755102,0.549134344619142
6_110,2.02719,2.27804354952522
6_111,1.85617038327526,3.90098773009326
6_112,1.76424151125402,4.0776428505895
6_113,1.68608489583333,2.9408916216478
6_114,1.81108176470588,1.19082995385261
6_115,1.86782128712871,0.22545666841495
6_116,1.96970716666667,0.0737381558087235
6_117,1.74964848484848,0.139683262829097
6_118,1.91798431952663,0.638443782273056
6_119,2.12444910179641,1.18751806483848
6_120,1.88980487804878,1.30514372895316
6_121,1.770606271777,0.802967768873769
6_122,1.84058755980861,0.320453674001364
6_123,1.8538365,0.475242254739343
6_124,1.76791926829268,1.27053425360347
6_125,1.92638323699422,1.86660096231279
6_126,2.43981875,2.02782988997541
6_127,1.66006666666667,1.53923577489604
6_128,1.73967177419355,0.670433963778278
6_129,1.77690583941606,0.0704019245874773
6_13,2.18988888888889,0.376512099485256
6_130,1.69281191489362,0.08797841009816
6_131,1.83458083333333,0.448485799818375
6_132,1.5888007239819,0.961765096325507
6_133,1.92013949333333,0.921849385359697
6_134,1.75256496240602,0.461966507428209
6_135,1.80218129032258,0.156853723445963
6_136,1.82656438848921,0.355962050257657
6_137,2.27021958762887,0.0920585205786629
6_138,1.81637032,0.31446668479077
6_139,1.70064219858156,0.524575346169285
6_14,2.05723636363636,0.135019501879303
6_140,1.50729645669291,0.394773202794984
6_141,1.73311522352941,0.282762188621226
6_142,1.62996691919192,0.425057332137763
6_143,1.65204548611111,0.859454885229718
6_144,1.92622941176471,1.31539769876782
6_145,1.74364478527607,1.45039339293259
6_146,1.61829482738095,1.24416988162907
6_147,1.77065942363112,1.14118244679615
6_148,1.73767222988506,1.80169602351517
6_149,1.66887060367454,3.16496843599154
6_15,2.29906060606061,0.281069412902212
6_150,1.73696752040816,4.60279086814816
6_151,1.68363791601866,5.4378657399126
6_152,1.86060729783037,4.86299937251622
6_153,1.80542030769231,3.33341007851031
6_154,1.76805206073753,2.1224972220257
6_155,1.71586586270872,2.15035265783589
6_156,1.66338810469314,3.25517843786129
6_157,1.76979472361809,4.16160951014687
6_158,1.9065994,3.85444867618043
6_159,1.75671373134328,2.88452958302984
6_16,1.60792931034483,0.630277719545596
6_160,1.90013558106169,2.80233243733424
6_161,1.92558796747967,4.38906890838187
6_162,1.803511875,6.99507299140386
6_163,1.89435047169811,8.96765150197687
6_164,1.81184297752809,8.9229918761717
6_165,1.9008582179676,7.10625461126472
6_166,1.93053039014374,4.68818747623867
6_167,1.93891516245487,2.73649573140451
6_168,1.60681264285714,1.88036979889714
6_169,1.79490608695652,1.67573044828412
6_17,1.39364,0.707082452099091
6_18,1.87347857142857,0.668878234275314
6_19,1.44389811320755,0.524635199683313
6_2,1.78346428571429,0.839378472524883
6_20,1.44319166666667,0.360741684904177
6_21,2.19045585585586,0.228907826897206
6_22,1.57065714285714,0.114339884662239
6_23,1.89882708333333,0.0352411315692419
6_24,1.99092857142857,0.0374481810794283
6_25,1.6270768115942,0.101348184220592
6_26,1.21033333333333,0.28000794204345
6_27,2.06891764705882,0.509928183137742
6_28,1.6535295,0.732789005275046
6_29,1.99075174603175,0.910978548025844
6_3,1.6271686328125,1.26036710842337
6_30,1.6319,0.933356817795202
6_31,2.11836082474227,0.759185292201356
6_32,1.8708,0.468978160539749
6_33,2.057845,0.244546350571016
6_34,1.59223298969072,0.163516610017244
6_35,1.57521494252874,0.193130024220775
6_36,1.92338372093023,0.254994863674886
6_37,2.06152372881356,0.32648025019645
6_38,1.93003333333333,0.349144131352678
6_39,2.143,0.295893005089359
6_4,1.76319523809524,1.72589953883964
6_40,1.85605041666667,0.138467193345518
6_41,1.81572727272727,0.0115951977329088
6_42,2.43981886792453,0.0558586820032272
6_43,1.6054552238806,0.0553076543581333
6_44,2.17221285714286,0.0226487741350995
6_45,1.98119056603774,0.0578077286042745
6_46,3.27376923076923,0.121657132352146
6_47,1.41263636363636,0.158156527515293
6_49,2.38690909090909,0.06721412572066
6_5,1.85096129032258,2.05304704476565
6_51,2.18536363636364,0.0939786029516813
6_52,1.43257142857143,0.111914407860868
6_53,1.64333333333333,0.151049643975981
6_54,1.6616,0
6_55,2.02696296296296,0.0699212686515011
6_56,2.0235033557047,0.0225235878273517
6_57,2.34708510638298,0.0605074884067618
6_58,1.77006081081081,0.107734821510336
6_59,1.60052380952381,0.0941384682729807
6_6,1.86246785714286,2.17829885038751
6_60,1.96990384615385,0.0299222470410632
6_61,2.11716949152542,0.163043367497716
6_62,1.81540952380952,0.198005963473721
6_63,1.68472588235294,0.0952740876712153
6_64,1.69832857142857,0.0606297000648725
6_65,1.643184,0.193413162071069
6_66,1.76722692307692,0.252984425646298
6_67,1.46921388888889,0.21464191765859
6_68,2.3535,0.100718289266282
6_69,1.93268571428571,0.110714044076491
6_7,1.88587695167286,2.06430521384517
6_70,1.86647058823529,0.216621974133053
6_71,1.86176496296296,0.269945168737326
6_72,1.73869,0.180193527848909
6_73,1.8433679389313,0.0225076694883777
6_74,1.96031125827815,0.177912107232858
6_75,2.16416101694915,0.232645274729582
6_76,1.90298439306358,0.15286406104779
6_77,1.61298476190476,0.0374741896518787
6_78,1.42515396825397,0.0525427540389623
6_79,1.65537086614173,0.0958876963300581
6_8,1.77978,1.61589212716727
6_80,2.0421012195122,0.056111306877227
6_81,2.04318918918919,0.0554374122702959
6_82,2.0176,0.244185005412767
6_83,2.22204270833333,0.359941477750323
6_84,1.69975692307692,0.373864095727902
6_85,1.73314345238095,0.276233631776149
6_86,1.58729722222222,0.0711803119324644
6_87,2.03518065843621,0.251881093805102
6_88,1.92717926267281,0.489596809609156
6_89,1.88040404040404,0.530872444623365
6_9,1.86011063829787,0.814405496143121
6_90,1.69635326086957,0.125460754621349
6_91,1.74507808988764,0.562469239963439
6_92,2.05185428571429,1.32663383247931
6_93,1.91878713235294,1.66437814671493
6_94,1.81481313131313,1.55081728070693
6_95,1.68364930555556,1.28058419226384
6_96,1.82570190839695,1.29183154516651
6_97,1.86993906735751,1.52987688517066
6_98,1.82672853717026,1.53565417068076
6_99,2.47049583333333,1.0973115866128
7_0,1.84135897435897,12.2647272171954
7_1,2.03867457044674,12.187241179513
7_10,1.70609578544061,3.84074313913762
7_100,1.99534375,0.33934432314064
7_101,1.54841271186441,0.50300079685917
7_102,1.85077477477477,0.654008238125585
7_103,1.62121153846154,0.697846445868051
7_104,1.72718805970149,0.67668084920324
7_105,1.70341677018634,0.576100634614391
7_106,1.947834,0.451412922447263
7_107,1.69633815789474,0.307263714203773
7_108,1.78581753246753,0.15018655315424
7_109,1.74695067264574,0.0117276052581784
7_11,1.74195551236749,2.12462844661949
7_110,2.24418604651163,0.064632383926698
7_111,1.81995604395604,0.0347921286288203
7_112,1.93833542253521,0.0932787963304102
7_113,1.77342281879195,0.256445639019784
7_114,1.34463636363636,0.437014412026642
7_115,1.73482704918033,0.559535745198851
7_116,1.61071563981043,0.573401728691532
7_117,1.92122659574468,0.384491701969994
7_118,1.74603430463576,0.0654780937580849
7_119,1.94245925925926,0.248817727018956
7_12,1.89363164556962,0.863296022100371
7_120,1.46529365079365,0.117159537313549
7_121,1.93180043643264,0.813953109789251
7_122,1.76911920903955,1.59324723295225
7_123,1.805125,1.70940350207489
7_124,1.64807576791809,1.28725121928213
7_125,1.79367689530686,0.588390718080915
7_126,1.70922398843931,0.254053938699833
7_127,1.78621261261261,0.48882397099643
7_128,1.74415622317597,1.0693623326939
7_129,1.95843722222222,1.76236709257204
7_13,1.61515384615385,0.583518301153791
7_130,1.80055161559889,2.53966625194001
7_131,1.72465637469586,3.10495283402941
7_132,1.66613978873239,3.61194466350799
7_133,2.00125520833333,3.66820843856595
7_134,1.64752018927445,3.10979751904434
7_135,1.74446024096386,1.57700021492986
7_136,1.88929935205184,0.349318209732909
7_137,1.72273794642857,0.633642944385812
7_138,1.60794832535885,0.477280920441331
7_139,1.68627105263158,0.689035153917324
7_14,1.87717619047619,1.27165652995628
7_140,2.0382990990991,1.94572261861145
7_141,1.68961468253968,2.82107973468416
7_142,1.80723007915567,2.98444807388312
7_143,1.73763023255814,2.57529442203207
7_144,1.80862754716981,1.88328157720738
7_145,1.61504732824427,1.16029774703626
7_146,1.95671832797428,0.493352857510246
7_147,1.808202,0.0688375743015594
7_148,1.93292056074766,0.21726175696477
7_149,1.96401076923077,0.224802055873957
7_15,2.0376369047619,2.0248258490752
7_150,1.8310443877551,0.0334171733081455
7_151,1.82315189873418,0.369063402253545
7_152,1.81217210144928,0.726839560262065
7_153,1.76622361111111,1.27234419714001
7_154,1.85567217118998,2.01065979306686
7_155,1.99218371040724,2.66834498435585
7_156,1.86719302325581,3.21957501609789
7_157,1.84192350119904,3.63901391948449
7_158,1.86597946210269,4.2396995514626
7_159,1.52125375,5.17794805962911
7_16,2.03830518518519,2.28125222048116
7_160,1.96004648648649,5.90927989093157
7_161,1.63319932899023,5.97802780691933
7_162,1.61548738782051,5.13719475080953
7_163,1.79424273504274,4.04824174532641
7_164,1.56606791122715,3.41002569697934
7_165,1.87517399380805,4.44813285090116
7_166,1.93534638888889,6.11445515135087
7_167,1.72893033707865,6.9427274929511
7_168,1.73803713405239,6.06996238646641
7_169,1.97056619909502,3.56392367823819
7_17,1.71094345991561,1.63771184161293
7_170,1.94575644444444,1.51649867462171
7_171,1.79920895833333,1.17888904443675
7_172,1.89373948529412,1.18773431932496
7_173,1.74751169036335,1.17751315312645
7_174,1.84081713483146,1.17809195820214
7_175,2.0583889632107,1.19073982779898
7_176,2.13325048543689,1.18313840955064
7_177,1.3495,1.13722517058382
7_18,1.95152468619247,0.642308664536678
7_19,1.68981573333333,0.153202076603072
7_2,1.87941945288754,11.7474087060769
7_20,1.86744238095238,0.352592853772488
7_21,1.86367633928571,0.0963972079084306
7_22,1.77987864583333,0.593950286361039
7_23,1.34288617021277,0.881738836010684
7_24,1.71762623574144,0.772011407603866
7_25,1.94861285714286,0.451251698752768
7_26,1.60751240566038,0.20117405176611
7_27,1.78673944444444,0.101327845117015
7_28,1.68955840764331,0.178557361552401
7_29,1.73907142857143,0.290802836839834
7_3,1.69215882352941,10.6667805541235
7_30,1.76478082191781,0.329477350079566
7_31,1.55859277372263,0.307864450467271
7_32,1.76762737430168,0.196292955872308
7_33,1.8193,0.065387612316849
7_34,1.83183333333333,0.0311484107561704
7_35,1.92522342857143,0.0733076919317582
7_36,1.76904819277108,0.0337816534092457
7_37,2.20418918918919,0.042564104201175
7_38,1.42257142857143,0.109250812552897
7_39,1.45888607594937,0.114875942187874
7_4,1.721795,9.05035178370958
7_40,1.85981313868613,0.0989294731785747
7_41,1.7828901,0.0465256396984581
7_42,1.8435125,0.0212307012925209
7_43,2.19020895522388,0.0119601916979587
7_44,1.73967777777778,0.0104564884602247
7_45,1.68785185185185,0.0165120042270815
7_46,2.03355866666667,0.0632591760070621
7_47,1.67861686746988,0.106093197569403
7_48,1.83321007042254,0.117871939995329
7_49,1.76647619047619,0.0934404784152593
7_5,1.90347354085603,7.47325650515789
7_50,1.82063908045977,0.0350415709837117
7_51,1.6322380952381,0.0210462069473487
7_52,1.95260416666667,0.0408869608415418
7_53,2.45822641509434,0.0224346786288328
7_54,1.49366666666667,0
7_55,2.74,0.0181918402319917
7_56,1.95605882352941,0.0248810375392604
7_57,2.64745454545455,0.0308148842053627
7_59,1.87,0
7_6,1.72534347826087,6.17067904392167
7_60,0.988,0.0197906152902114
7_61,1.2622,0.0480486252087017
7_62,1.94333333333333,0.0770991199135491
7_63,3.06333333333333,0.0919615278948032
7_64,1.57554166666667,0.086438018898215
7_65,1.1416,0.0692687711442884
7_66,2.467,0.0402011666378764
7_67,2.04357142857143,0.0162007598156436
7_68,1.88804117647059,0.0377078646036111
7_69,2.035,0.0435689031311015
7_7,1.98776006825939,5.6402633784866
7_70,2.48666666666667,0.0639848483879345
7_71,1.936,0.0720945014725329
7_72,3.013125,0.062344722675075
7_73,2.126,0.0523726558872122
7_74,2.68631818181818,0.0375527616301095
7_75,2.03751063829787,0
7_76,1.59559411764706,0.0239056872825452
7_77,1.80859375,0.0269038872081379
7_78,1.84083783783784,0.0231309070553847
7_79,1.95861111111111,0.0193278171742942
7_8,1.66455714285714,5.48893767944604
7_80,1.78438461538462,0.0403527910007911
7_81,2.84375,0.0584153094843395
7_82,2.07416458333333,0.101895251681251
7_83,1.66321956521739,0.0947184966280251
7_84,1.49001313868613,0.0900871683440846
7_85,1.8400953271028,0.0594869842478432
7_86,1.51792794117647,0.0107791608638753
7_87,1.61013428571429,0.0796692134258589
7_88,1.62039130434783,0.123326819434961
7_89,2.05427956989247,0.150521934808951
7_9,1.99510473684211,5.03400594223919
7_90,1.31118181818182,0.18645723789705
7_91,1.86845161290323,0.15742977723686
7_92,2.00163925925926,0.102692365621338
7_93,1.97749333333333,0.0268092561637778
7_94,1.9516925,0.0708919866061433
7_95,1.96283885714286,0.138253013649822
7_96,2.07998846153846,0.148651044857577
7_97,1.67550263157895,0.078819473454385
7_98,1.90165084027778,0.021941733726086
7_99,1.85495623376623,0.144821893208341
8_0,1.60244468085106,4.41676464046265
8_1,1.90201022727273,4.4407071117452
8_10,1.92391968253968,2.37673041119766
8_100,2.31314473684211,0.688146571049045
8_101,1.8775,0.798366493767899
8_102,2.11548713692946,0.886129325991706
8_103,1.8596592760181,0.897858927122719
8_104,1.44936543209877,0.817464437642853
8_105,1.81320473282443,0.628135588882921
8_106,1.66708333333333,0.460998802800076
8_107,1.90563932835821,0.330000330000338
8_108,1.96658181818182,0.237743617283124
8_109,2.15663008130081,0.133932308379145
8_11,1.93385224719101,2.8055522818318
8_110,1.68003787878788,0.102391140299421
8_111,2.03052112676056,0.463613002357805
8_112,2.192246875,0.980297221335563
8_113,2.40443795620438,1.42222745340366
8_114,2.07701570680628,1.44845637392207
8_115,1.74964607843137,0.7309237214649
8_116,1.79205583333333,0.507366861122067
8_117,1.77086197183099,1.86157662552438
8_118,1.88626228956229,3.00225686895666
8_119,1.89957473404255,3.27359031017268
8_12,1.65346516393443,2.96948764110889
8_120,1.68936505376344,2.50575363926856
8_121,1.70587692307692,1.63938726261672
8_122,1.77573911392405,1.37290055815906
8_123,1.6980652173913,1.46315412133937
8_124,1.68572298850575,1.55406669604398
8_125,1.75787412162162,1.33124996474445
8_126,1.81394823529412,0.811643842565441
8_127,1.98696842105263,0.324494767242148
8_128,1.60172238095238,0.0989466578567532
8_129,1.76487526501767,0.0941997054689245
8_13,1.79307857142857,2.83467755542807
8_130,1.73684272727273,0.260417710006842
8_131,2.06181795774648,0.51731588119182
8_132,1.90359302325581,0.641502523070815
8_133,2.09772633744856,0.603273404584234
8_134,1.91639883040936,0.584418137363761
8_135,2.15511390728477,0.634942092257091
8_136,1.82321241830065,0.641397229406007
8_137,1.69989,0.472953266586851
8_138,1.89442827004219,0.211376941100875
8_139,1.98622260869565,0.0611738029306208
8_14,2.00125233918129,2.46555921965051
8_140,2.06209342105263,0.0335020346902415
8_141,1.6531568627451,0.0328642509251299
8_142,1.8189112716763,0.0512702722656509
8_143,2.04115023255814,0.18414623666475
8_144,2.0594,0.290235509992159
8_145,1.94247483870968,0.348549453358272
8_146,1.93003973799127,0.376038807204903
8_147,1.81603306772908,0.366889770589062
8_148,1.54330654545455,0.326048245108029
8_149,1.87930597014925,0.259460177533032
8_15,1.91026858974359,2.10183273445254
8_150,1.82360662393162,0.147469476451759
8_151,1.65538762564706,0.0214547155319225
8_152,1.66597130434783,0.205535763222809
8_153,1.88191365979381,0.424925508485552
8_154,1.78499484536082,0.681483776039661
8_155,1.62604696356275,0.976968749606068
8_156,1.98278003952569,1.31524557513809
8_157,1.96190169491525,1.68457785706079
8_158,1.79052456647399,2.09231684261954
8_159,1.79139782991202,2.53897922322234
8_16,1.96559534615385,1.97506067453343
8_160,1.75394162464986,2.97874042434946
8_161,1.842343125,3.53718505145711
8_162,1.93069902985075,4.23617075580698
8_163,1.74110444444444,4.93806287731336
8_164,1.81347585034014,5.41796160926256
8_165,1.81889793956044,5.57662158716728
8_166,1.86599939759036,5.4448257655755
8_167,1.68214468030691,5.30790991075757
8_168,1.83921328320802,5.4066587383252
8_169,1.72505123778502,5.8028071480325
8_17,1.75699308641975,2.09796474738804
8_170,1.71399410654828,6.40911221269903
8_171,1.96807971646674,7.17131188393949
8_172,1.72469494680851,7.85480414880173
8_173,2.00837123287671,8.41505754884703
8_174,1.74877796590909,8.81516692839846
8_175,2.09000808362369,8.9630979137581
8_176,2.81562068965517,8.95465945537126
8_18,1.90376685503685,2.32060790826773
8_19,1.5129624822695,2.59040452091244
8_2,1.98499342105263,4.6183967596803
8_20,1.88853312741313,2.78335756832785
8_21,1.93188990536278,2.90846255675244
8_22,1.99065852713178,2.87886536263377
8_23,1.70137046783626,2.67693594102319
8_24,1.79719063829787,2.28798592888654
8_25,1.83643355704698,1.88261129756091
8_26,1.73050551181102,1.37700854728877
8_27,1.78275188679245,0.975865623303672
8_28,1.84013846153846,0.52073840706121
8_29,2.0281,0.268875969853163
8_3,1.64698757961783,4.80329928531802
8_30,2.2337858974359,0.0862580565024724
8_32,1.66905869565217,0.0920361149715183
8_33,1.81211435643564,0.0924651201019206
8_34,2.10775660377359,0.0729313035741056
8_35,1.7419328741573,0.0452422666828101
8_36,1.52992307692308,0.0108185650904433
8_37,2.37510714285714,0.0617490416034191
8_38,1.80443243243243,0.0906066764176621
8_39,2.09956296296296,0.104151152484572
8_4,1.7209836858006,4.72871359056649
8_40,1.53023655913978,0.0741994803563087
8_41,2.61083333333333,0.0130533647658424
8_43,1.91375,0.096752034211523
8_44,1.20825,0.0988836041096063
8_45,1.48133333333333,0
8_46,2.3075,0.112478117893427
8_47,2.36,0.0923758270935572
8_48,1.86,0.0686358285888924
8_5,2.18358510638298,4.25360822445278
8_52,2.27667209302326,0
8_53,1.5332,0
8_54,2.33692857142857,0
8_55,3.01389473684211,0.0221205903985533
8_56,1.83605384615385,0.0474150500110146
8_57,2.36225526315789,0.0860820140239814
8_59,1.93266666666667,0.173239259165931
8_6,1.91408863636364,3.4879117149842
8_60,2.7684380952381,0.241927510103107
8_61,1.998476,0.312622118014861
8_62,2.14171428571429,0.365339891358363
8_63,2.11537099236641,0.404485127204442
8_64,1.65270634920635,0.405265616150637
8_65,1.6643137254902,0.394541719385612
8_66,1.44988796296296,0.380335729955546
8_67,2.04410222222222,0.361177728336556
8_68,1.77541726618705,0.36228733733298
8_69,2.14084722222222,0.376375569683173
8_7,1.60781573604061,2.75301379733087
8_70,1.64284210526316,0.393746836996903
8_71,2.051075,0.437534470232107
8_72,1.6548431372549,0.483093582659171
8_73,1.95303448275862,0.507098105735015
8_74,1.92254940594059,0.524614164582435
8_75,1.89314150943396,0.505831286297351
8_76,2.07181649484536,0.455072167786214
8_77,2.50395294117647,0.399264252357025
8_78,2.01886368421053,0.287268820416774
8_79,1.66461466666667,0.214002834908145
8_8,1.92477802197802,2.22337044169916
8_80,1.75011071428571,0.136890154362315
8_81,1.69834918604651,0.0766649435308011
8_82,1.61174545454545,0.016045595163224
8_83,1.8108,0
8_84,1.77554090909091,0
8_85,1.92485707692308,0.0122671390332892
8_86,3.89111578947368,0.054688290416706
8_87,2.00292817391304,0.0862591353815547
8_88,1.78236,0.141846757492247
8_89,1.52245,0.186150409530902
8_9,2.09037552910053,2.12227591118384
8_90,1.68926315789474,0.256772635021322
8_91,1.88515730337079,0.319802259041895
8_92,2.00786666666667,0.354592684448992
8_93,1.64083157894737,0.364796852180532
8_94,2.31845,0.356066180834143
8_95,1.58963466666667,0.354514805129117
8_96,1.58235149797571,0.388876307596588
8_97,2.12309523809524,0.440148175288421
8_98,1.62382352941176,0.491889292116673
8_99,1.98130896551724,0.596239795477576
9_0,1.54290625,3.90606505373799
9_1,1.9485618556701,3.89110587196294
9_10,1.72290188679245,3.30459123331846
9_100,1.76449592476489,0.258547850484881
9_101,1.79122262773723,0.16430411047808
9_102,1.66409016393443,0.373866040179748
9_103,1.85598211009174,0.670215763779404
9_104,1.42307818181818,0.85036041800399
9_105,1.64681785714286,0.815418660856052
9_106,1.85140873417722,0.627126350281426
9_107,1.49855204081633,0.444577691091462
9_108,1.875067,0.309073812770206
9_109,1.67255303030303,0.285653251727568
9_11,1.86592097378277,3.7388529652297
9_110,1.74752816901408,0.422593094617528
9_111,1.89014564102564,0.689422560876018
9_112,1.99864897959184,0.946995319137419
9_113,2.01251256281407,1.15690853563022
9_114,1.68896734693878,1.16906360131105
9_115,1.79919423076923,0.919821847232235
9_116,1.57917708333333,0.529222661989988
9_117,2.02847086956522,0.220243699653662
9_118,2.08179707602339,0.115880226198195
9_119,1.93118125,0.217749486474119
9_12,1.74593779527559,4.25328472026308
9_120,1.5808,0.413821167182618
9_121,1.69287398373984,0.535013891912446
9_122,1.91578311111111,0.423926879306913
9_123,1.61702517730496,0.22823978219403
9_124,1.87453978902954,0.214795085488441
9_125,1.7381,0.55559829388585
9_126,1.56725229357798,0.969661422611567
9_127,1.86760795454545,1.31949512817657
9_128,1.74537405387205,1.36264069521315
9_129,1.93093913043478,1.02277843561293
9_13,1.73233947368421,4.62110501410251
9_130,1.76758537735849,0.623049828912531
9_131,1.94037872340426,0.293738111203178
9_132,1.84706701030928,0.202961095562627
9_133,1.59554152838428,0.481759637549177
9_134,1.80822145015106,0.984698983549502
9_135,1.81690980392157,1.63206421870467
9_136,1.79200836877076,2.32885988742335
9_137,1.90205509259259,2.93877518269554
9_138,1.74769696296296,3.39644202818707
9_139,1.94021061946903,3.56992669548828
9_14,1.81638469055375,4.5057828362036
9_140,1.87247743190661,3.58201763747446
9_141,1.83398786191537,3.72160370614786
9_142,1.70734918414918,4.31033106535419
9_143,1.61739,5.22100541647163
9_144,1.77924810606061,5.81345512650033
9_145,1.80557582511211,5.70960709909708
9_146,1.86827345360825,4.83810219827442
9_147,1.88214676691729,3.91686972632259
9_148,1.7905964726776,3.80376975721282
9_149,1.68984614003591,4.71908569859629
9_15,1.77404363636364,3.95946155926819
9_150,1.65877590909091,6.14014577763319
9_151,1.84502890532544,7.41685404570929
9_152,1.91614498985801,7.8799287101748
9_153,1.83239815498155,7.52286125258183
9_154,1.93884170142602,6.65507286490713
9_155,2.19671237113402,6.03452771572371
9_156,1.90480303030303,5.90885673225534
9_16,1.99665159235669,2.91643808586254
9_17,1.76167372881356,1.95446927227543
9_18,1.85351219512195,1.3185721923426
9_19,1.95652394822006,1.06224363773653
9_2,1.89179156118143,3.87368272777695
9_20,1.88885675675676,1.08917320343474
9_21,1.9154686746988,1.18952032592857
9_22,1.6072305,1.24045569025821
9_23,1.75138128654971,1.22367327049626
9_24,1.45109185185185,1.23573068547746
9_25,1.7783506097561,1.40193466984439
9_26,1.90540974358974,1.74136753323888
9_27,1.80924329501916,1.99647140503358
9_28,2.11012820512821,1.6901981634274
9_29,2.13528591549296,1.06752787491475
9_3,1.70052567567568,3.81458610177441
9_30,2.18026984126984,0.398056999349838
9_31,1.56587457627119,0.0435563308582516
9_32,1.71357848101266,0.185364599810194
9_33,1.91521428571429,0.132812119548605
9_34,1.91436920930233,0.0215004289335529
9_35,3.046,0.0851430971653057
9_36,2.19173684210526,0.0913090522272595
9_37,1.85086956521739,0.0463839641359262
9_38,2.10808222222222,0.0107978767055301
9_39,1.81873762903226,0.0457280302536557
9_4,2.08085238754325,3.71753092669345
9_40,1.51644230769231,0.0184680733182605
9_41,1.77565945945946,0.026310700430325
9_42,1.86938461538462,0
9_43,2.29198657718121,0
9_44,1.79939151785714,0
9_45,1.95603529411765,0.0113280559696486
9_46,1.53951546391753,0.020623085275437
9_47,1.92148333333333,0.0117252813481153
9_48,1.80744629310345,0
9_49,1.71019565217391,0.0264471203053003
9_5,1.48814348,3.56799062486921
9_50,2.64215384615385,0
9_51,1.55430769230769,0.0142526075145318
9_52,1.5554,0.0519584886314847
9_53,2.12316666666667,0.0810586256510051
9_54,1.75125,0.0764888555737386
9_55,1.67863235294118,0.081990959130243
9_56,1.40005882352941,0.0654591633009617
9_57,2.28455357142857,0.038916512405937
9_58,2.03021794871795,0.0106989060368632
9_59,1.7474,0.051301914330923
9_6,1.58147278481013,3.38510010296767
9_60,1.67326804123711,0.089400158461779
9_61,2.19140386740331,0.0755685589453502
9_62,2.03441530612245,0.0139488884828284
9_63,1.86646060606061,0.0241671107373388
9_64,1.76028260869565,0.0562208354416035
9_65,1.96652523364486,0.0143435186659454
9_66,1.80083529411765,0.0334072747681548
9_67,2.09366666666667,0.052777968364894
9_68,2.37328125,0.0303515621443188
9_69,1.81315151515152,0
9_7,1.789088,3.18860726681302
9_70,2.42211111111111,0.0305767851873978
9_71,1.798,0.0725930679427519
9_72,2.45327777777778,0.155755961559508
9_73,1.72693333333333,0.159901683307864
9_74,2.36122891566265,0.169076178328869
9_75,2.02135517241379,0.143640393402301
9_76,1.5083,0.0814304775664771
9_77,2.21206382978723,0.0219729271564462
9_78,2.04966025641026,0.122888963118787
9_79,1.974125,0.174481499145047
9_8,1.66528474358974,3.04690560507862
9_80,1.62503571428571,0.0804024718016967
9_81,1.57122929292929,0.0817693803652669
9_82,1.82586666666667,0.219650950234425
9_83,1.72350169491525,0.197298328225506
9_84,1.96386178861789,0.136995496958007
9_85,1.93216666666667,0.136860273264329
9_86,2.34368085106383,0.184795306199223
9_87,1.84572727272727,0.295294031394839
9_88,2.11698058974359,0.451155126306507
9_89,1.7980875,0.521190265496538
9_9,1.71314040590406,3.07483285065608
9_90,1.73756179775281,0.403818220040535
9_91,1.83366393442623,0.113681577900295
9_92,1.89748514851485,0.0806979837608597
9_93,1.73936527777778,0.0975446917262629
9_94,1.92885990338164,0.0431818083677725
9_95,2.04300029411765,0.284300038075899
9_96,1.56481639344262,0.684066222023627
9_97,1.76714583941606,1.01083711417758
9_98,1.60537989130435,0.969205324584786
9_99,1.75472271186441,0.630057609622393
